truth_label;confidence;ulasan
negative;7,97E+15;verifikasi akun wa eror kode verifikasi
positive;6,69E+15;Sigap tanggap mengatasi keluhan
neutral;9,67E+15;gimana lupa sandi email login via no tlp jg gk daftar lgi ktp akun
neutral;9,93E+13;moga menjembatani warga pengurus perangkat
neutral;9,88E+15;min daftar koq nik sdh terdaftar mengatasinya suwoon min
negative;9,98E+15;aplikasi kliktidak buka yg poli puskesmas
neutral;9,75E+15;login gimana min utk pengguna otomatis terlogout update lupa pasword
neutral;9,98E+15;ank sy lulus d lnjut d gk biaya ank sy llus coumpoud pens its
neutral;5,83E+14;aplikasi lupa password berdasarkan nik email username nilai pembandingnya nik akun bantuan lanjutan siola pemilik nik kehilangan akses email akses nomor hapenya
neutral;9,94E+15;jv jv ku l ny
neutral;9,60E+15;sy kasih b soalny kemarin laporan aspal ambles toko yg mengakibatkan genangan air nyiprat kedalam toko sehari dibenerin
negative;9,98E+15;aplikasi g jelasblm daftar tp keterangan nik terpakai
neutral;9,97E+15;disitus username nya login pindah aplikasi login username akun terdaftar permudah urusan rakyatnya warganya jgn dipersulit warganya
neutral;9,98E+15;iki vivi sumanti
neutral;9,94E+15;assalamualaikum akun lupa sandi ya mengurus ya ya bapakibu
negative;9,99E+15;buka alplikask wargaku muter
neutral;9,99E+14;verifikasi no hp brower
negative;8,96E+15;input pengajuan kamera terdeteksi
positive;9,90E+15;aplikasi wajib kota indonesia
negative;6,54E+14;gabisa daftar akun gimana solusinya null
positive;6,01E+15;mempermudah urusan mondar mandir k kantor pelayanan publik
positive;9,32E+15;mantabb tanggapannya langsung direspon terima kasih wali erie cahyadi
positive;5,05E+15;solutif karna lapor urusan kelurahan langsung ditangani
negative;8,79E+15;xiaomi android mui kamera dibuka
negative;9,95E+15;daftar koq pemberitahuan nik akun daftar
negative;9,98E+15;username nya tolong tampilkan masuk sswalfa web lupa username reset username gbisa
negative;9,98E+15;daftar akun e ae uwangel cak aplikasi opo iki cak
neutral;9,29E+15;tolong usulan yg aplikasi tindak lanjuti bansos pengajuan menulis pengaduan terverifikasi survei rumah rsss berpenghasilan rendah tolong walikota eri cahyadi terimakasih
negative;9,82E+15;splash screen time out
neutral;8,71E+15;mohon penyelesaian keluhan selesai belah keluhan terselesaikan sesuai laporan dinginkan
neutral;8,57E+15;komentar
neutral;9,82E+15;aplikasi pengaduan pengajuan warga surabaya yg butuh bantuan
negative;9,98E+15;aplikasi adminduk diakses cm pemutakhiran gelar aneh
negative;9,98E+15;pusat bantuannya login daftar maaf kasih bintang daftar no ktp terpakai alamat email tau tolong kasih lupa pasword via nomer telponwa
negative;9,99E+15;ngga isi kecamatan menu pendaftaran catin klik cari tp
negative;9,82E+15;gak pakai mohon perbaiki sungguh
negative;9,94E+15;aplikasi perbaikan total
negative;9,97E+15;tolong ditambahi fitur tanggapan direspon dinas terkait komunikasi dibangun arah suwun
positive;9,97E+15;membangun kota rt rw tingkat kelurahan dlm rangka mengendalikan banjir
negative;9,97E+15;gak upload foto pdhalsudah aktifin kamera
neutral;9,98E+15;utk keterangan warga miskin d ganti masyarakat berpenghasilan rendah
negative;9,77E+15;akte kelahiran kk sayang diunduh
negative;9,99E+15;tolong pengaduan petugas kebersihansampah kampung ditampilkan
neutral;9,98E+15;pelayanan pengaduan respon cepat yg lambat ditingkatkan instansi berkoordinasi terkait aduan masyarakat
positive;9,91E+15;membantu periksa puskesmas ambil no antrian online hadir sesuai tentukan
negative;8,87E+15;aplikasinya berubah masuk isi user name pasword
neutral;9,47E+15;dear pemkot surabaya tolong apk perluas warga lokalsurabayatetapi mencakup warga kota tinggal surabaya kontrak kost terima kasih
negative;6,46E+15;parah lupa user name password tdk solusi bikin akun tdk
negative;9,97E+15;knp kode odp ya gag diisi syarat ya pengaduan kode odp ya wajib diisi mhn diperbaiki
negative;8,21E+15;bpk walikota gubenure endih bantuane wargamu jok bidek ae
neutral;9,08E+15;membantu kode odp isi mengupload data isi mohon diperbaiki
negative;6,22E+15;dokumen yg selesai download
negative;9,98E+15;cek status warga penerima mbr tdk berfungsi
negative;9,89E+15;mengalami susah unduh lihat dokumen mohon ditingkatkan kendala teratasi kalo peningkatan update bintang terimakasih
negative;9,71E+15;bintang nunggu laporan ditidaklanjuti
neutral;9,96E+15;daftar pake nik udah data udah terekam database ga isi alamat lengkap
negative;9,94E+15;masuk
negative;7,19E+15;tdk masuk data respon
negative;5,69E+15;daftar akun muncul nik sesuai wilayah surabaya nik ktp xxxxxxxxxxapa keliru
negative;9,33E+15;lumayan komplit kesulitan login berkalikali tertera password nama salah perbaiki layanannya lupa password dikasih kode otp via email
negative;9,99E+15;update versi terbaru menu pengaduan dibuka keterangannya memuat data loading
negative;9,42E+15;daftar ae g isok
positive;9,38E+15;malem ngajuin pengaduan paginya langsung tindak bangga jd warga surabaya
negative;5,33E+15;kasih bintang aja yasoalnya datanya sesuai dgn yg kelurahansetelah download data mbrnya berubah terdaftar hi hi hihiiiipemkot pemkot
negative;8,17E+15;data mbr tdk dgn yg kelurahan aplikasi masuk dlm mbr update sdh masuk dlm mbr tp dlakukan pengecekan kk nik kelurahan mbr yg
negative;9,67E+15;aplikasi e pemutakhiran data aplikasi wargaku surabaya diaksesdilihat
positive;5,07E+15;aplikasi bagus melaporkan fasilitas publik surabaya
positive;9,68E+15;apik langsung d tanggapi
positive;9,43E+15;aplikasi membantu komunikasi warga dgn pemerintah
negative;7,89E+15;usul blt koq dijawabnya usulan diterima nggak blt nya mohon bantuannya berwenang
positive;9,98E+15;jooss laporan warga wisma tirta agung asri langsung ditindaklanjuti
negative;9,37E+15;daftar nomer nik salah nomer nik masukkan sesuai katepe
negative;9,19E+15;bintang udah setahun gada kepastian apk bantu pengangguran
negative;9,93E+15;bintang dlmau coba download ulang krn kemarin ga bs dpake antri online pkmpdhl sblmnya bsmoga skr bs stlh dwnld ulang
negative;5,56E+15;perbaiki komplain terkait sertifikat vaksin tombol upload ktp tombol bukti vaksin ditekan terimakasih
negative;9,60E+15;login akun gabisa ery cahyadi gimana inimohon diperbaiki
negative;8,93E+15;aplikasi opo iki daftar ae gak isok
positive;9,94E+15;okokbisa login pakterima kasih
negative;9,96E+15;mendaftar tolong utk pemkot surabaya utk diperhatikan digitalisasi modern sukses lancar utk warga surabaya terima kasih
negative;6,21E+15;daftar akun gk ya
neutral;9,99E+15;petujuk amel kunci pasbor
neutral;9,81E+14;tolong kasih riwayat pencaharian habis daftar antrian puskesmas online nomor antrian lupa screenshot download cari daftar riwayatnya
neutral;9,99E+15;coba mendaftar puskesmas
neutral;9,16E+14;mohon penertiban bangunan jl ngagel dadi bangunan yg mempersempit jalan terima kasih
positive;9,44E+15;perjinan cepat diprosesasal persyaratan berkas lengkap
negative;9,98E+15;pengaduan sertifikat vaksin suwi eram tanggapane aplikasi opoooooo iki gedabrus
neutral;9,96E+15;laporanusulan bansos verifikasi
neutral;9,71E+15;bpk eri cahyadi walikota surabaya mohon bantuannya mengurus surat sertifikat hak milik tanah terkendala sikap lurah balaskrumprik wiyung surabaya barat surat pengurusan sertifikat perhatian ucapkan terima kasih
negative;9,48E+15;sek angele ngelebokno nik ktp jare gak terdaftar lak g akoni penduduk surabaya yowes pindah penduduk konoha
negative;9,99E+15;gak instal
neutral;8,39E+15;udah ngisi nik nik terdeteksi nik surabaya lupa kalo warga negara kongo selatan
neutral;8,83E+15;kesini pengaduan perihal sertifikat vaksin yg blum muncul kasih bintang klo tanggapi keluhan sukses naikkan okey
neutral;9,98E+14;kalo utk mengirim video gambar obyek laporan
negative;9,99E+15;mohon kasih ganti password tolong adakan ganti password gimana
negative;9,98E+15;bikin akun nik warga surabaya aplikasi tertulis nik ditemukan silahkan mendaftar akun nik surabayatolong tindak nya
negative;8,39E+14;gak daftar daftar tulisan eror solusinya
negative;9,45E+15;mendaftar nik nya tdk terdaftar warga surabaya gmn
negative;9,91E+15;servernya erorr ya daftar ndak trs mohon penjelasannya
negative;9,94E+15;unggas file ya pdhl jadikan pdf file kk ktp dibantu
negative;9,86E+14;gabisa login ud hub wa nanya klo gabisa login ud dksh username pswrdtetep aja ga login tlg d bantu min mksh
negative;9,01E+15;aplikasinya gk dibuka minggu ya
negative;5,96E+15;masuk muncul tulisan mengecek pembaruan trs pdhal udh d update jg muncul trs g masuk menu
neutral;9,99E+15;daftar pake nik ya takut lupa mohon utk dipermudah min gmail password mendaftar
positive;7,30E+15;setuju menginfokan kejadian dilapangan cepat
positive;5,34E+15;respon cepat saran
positive;9,85E+15;go
negative;9,89E+15;kug g mendaftar ya
negative;9,99E+15;minggu install sdh mnt update g i update g d buka aplikasi nya
negative;9,93E+15;lg d coba
neutral;9,78E+15;data mbr mohon perhatikan warga surabaya ngontrak
neutral;8,52E+14;cuman saran aja kalo ditampilkan keluhan masyarakat beranda aplikasi biar masyarakat tau keluhanya sosialisasinya terimakasih
neutral;9,99E+15;prosedur kepengurusan surat pernyataan ahli waris penutupanpengambilan uang bank
positive;9,85E+14;suroboyo
neutral;9,82E+15;min apk pengajuan laporan ta informasi sby dri sektor perekonomian pendidikan dll
positive;7,65E+15;bersamaan cepat nya tanggapan via online semoga cepat tanggapannyatindak proses lapangan
neutral;9,98E+15;maaf min komen aplikasi gmna komentar blsan gitu min
neutral;9,65E+15;coba sek minndelok perkembangane data pelapor dirahasiakan op gk min
neutral;9,97E+15;syarat ketentuan dimanaga linknyakerahasiannya terjaga ya
positive;9,92E+15;mantul kota suroboyo
neutral;9,99E+15;min datane seng lapor aman ngak yo
negative;5,17E+15;kelurahan benowo
negative;6,10E+15;terpaksa batal mengisi data pilihan lahir tua lahir mengisi
positive;9,18E+15;help warga surabaya for trouble solving
neutral;6,93E+15;star lihat manfaat nya
neutral;8,49E+15;telu sek ya min
neutral;9,94E+15;bintang disik min min tolong jawaben yo kirokiro aduan warga iki dirahasiakan dilindungi gak pelapornya
negative;9,84E+15;wkwk tdk registrasi salam programmer penggerak
negative;5,72E+15;coba instal iklan bola u udah dicoba x muncul ga dibuka aplikasinya semoga bs cpt diatasi thx
positive;8,57E+15;aplikasi memudahkan membeli barang umkm lokal
neutral;9,53E+15;admin epeken sby sy usul saran utk harga yg tertera epeken sedapat mngkin disamakan dg harga pasar mahal selisih harga terimakasih
positive;5,83E+15;memudahkan penjualan umkm surabaya
negative;8,98E+15;log in sdh memasukkan user password dgn benarbagaimana masuk akunnya pilihan menu pemulihan akun lupa passward password salah
positive;9,64E+15;epeken surabaya terima kasih hadir memfasilitasi warga surabaya berjualan tolong dibantu login usernamepasword salah ganti pinpasword
neutral;9,96E+15;erik tolong disempurnakan aplikasi mudah
positive;7,89E+15;meningkatkan perekonomian keluarga dijual beragam mudah penguppoad an produk yg dijual terima kasih admin kota surabaya wani
negative;9,99E+15;versi aplikasinya gak login via web mohon diperbaiki aplikasinya
neutral;9,97E+15;min kalo lupa password username nya tolong kasih opsi lupa passwordusername
positive;7,16E+15;terimakasih e peken alhamdulillah maintenance akses
neutral;9,93E+15;bikin akun dr laptop lancar instal apk login ulang gagal terusmohon solusinya
negative;9,89E+15;buka uninstall pasang
negative;8,87E+15;pembaruanalah dibuka forceclose min
negative;9,98E+15;gak masuk username n password uda lupa
negative;7,48E+15;masukkan produk katalog suusah amir gk bs masukkan gambar produk langsung kudu ss lwt galeri gitu file g duhkah
negative;9,98E+14;yo opo login e aplikasi ruwet
negative;9,99E+15;gk iso daftar
negative;9,95E+15;login aplikasihanya desktop
neutral;9,98E+15;loginsign in via aplikasi sdh daftar verivikasi email mohon infonya
neutral;9,98E+15;user name password dapatnya ya
neutral;9,49E+15;aplikasi khusus pns ya sdh download gak daftar
negative;9,97E+15;login sdh verifikasi klu desktop
negative;9,91E+15;daftar verifikasi sukses login aplikasi usser name password salah
negative;9,98E+15;tolong diperbaiki daftar via google aplikasi ndak login
negative;9,96E+15;perbaiki login pc aplikasi gabisa
negative;9,90E+15;bintang login pakai aplikasi
neutral;9,99E+15;ewangono download rek seng asli suroboyo kendala tunggu update aja
negative;9,96E+15;masuk web login klo aplikasi ga yo min rewangono poo min
negative;9,99E+15;login diaplikasi login laptop mohon diperbaiki
positive;9,97E+15;membantu presensi pegawai
negative;6,60E+15;ganti hp apdatenya sulit kantor pusat coba dipermudah apdatenya nik terdaftar passwod
negative;9,97E+15;gak ganti device
negative;9,63E+15;buka muncul tulisan mengecek pembaruan moohon bantuannya takutnya presentsi terbaca terimakasih
negative;9,99E+15;pdhl sdh update tpi login trus pembaruan
negative;8,45E+15;ditingkatkan uiux terima kasih
neutral;9,37E+15;lupa username pasword
neutral;8,97E+14;kak ya app kantorku loading trus gk absen nihh bantuanya
negative;9,72E+15;min sdh minggu apk kantorku tdk bisabagaimana normal dipake kmbali yamohon penjelasannyatrima kasih
neutral;9,98E+15;gimana lupa password login tulis no nik tetep gak hp ristart
negative;9,98E+15;gk login
positive;9,85E+15;keren absen anywhere
positive;9,89E+15;memudahkan absen dinas lapangan
negative;9,92E+15;status nya memiliki device yg aktif hp keseret login udh gabisa
positive;5,44E+15;efisiensi jarak zwaktu
neutral;9,97E+15;lupa password check google acount chrome kemanan pengelola sandi pilih kantorku tanda mata semoga berhasil
positive;9,57E+15;membantu disaat ad kendala dijalan
negative;9,98E+15;login log outganti perangkat
neutral;7,93E+15;kak hp kn semalem d restart pabrik suami lupa passwordnya gimana kak ga ad kantorku susah ga absen telat n aplikasi membantu terimakasih
neutral;6,56E+15;min tanyak hp yg log kehadiran apk trabel ahirnya hp login ya mohon bantuanya selebihnya apk oke membantu
neutral;9,97E+15;mohon fitur pengguna lupa password hp rusak hp hilang dll
neutral;9,97E+15;device terdaftar hilang dicuri login akun perangkat
neutral;9,35E+14;ganti hp yg gk login yaa tau
neutral;9,87E+15;pindah hp login pake hp tolong dibantu
positive;9,61E+15;sip kecepatan akurat kehadiran
negative;9,79E+15;berkas cetak halaman eror padahall butuh cepat
negative;9,99E+15;bingung
negative;9,54E+15;aplikasi terutama di layanan pengaduan sudah bagus tapi kadang mau buka sering ngebug semoga secepatnya tidak sering error
negative;9,92E+15;verifikasi nomer hp berhasil
negative;9,99E+15;aplikasi pemerintah bikin orang pusing urusan dibikin online ya benahi yg gak pas aplikasinya
negative;9,99E+15;bikin repot aja mengurus surat menikah aja sulitnya ampun mengajukan hp ga submit mengajukan web browser pc stuck menyimpan data mending pakai berkas offline aja pakai surat pengantar rt rw udah pakai surat pengantar online infonya pas kelurahan ngalahi ngikut ngurus online sistem nya kopler ngebug stuck
negative;9,99E+15;tolong perbaiki sistem nya ngurus suka eror lelet gajelas
negative;9,99E+15;ngebuk gk apk ruwet
negative;9,99E+15;kocak
negative;9,99E+15;aplikasi gak mendukung data ilang kadang error ngurus surat married aja ribet kali huft memudahkan menyulitkan maaf realita
negative;9,99E+15;loading ga mari mari
negative;9,80E+15;verifikasi no hp aja sulit gimana ngurus surat online nya
negative;9,99E+15;aplikasi gak
negative;9,62E+15;aplikasi pemerintah gak bener berjuang matian memulihkan akun berhasil ketemu masuk verifikasi nomor hp berulang kali web error inisiatif wa manual otp menu halaman utama otomatis isi ulang otp mohon cek coding aplikasinya salah
negative;9,99E+15;membantu mempermudah mempersulit padhal udah pas tpi gagal ngapain ciptaiin apk gini klo ujung nya bikin mumet warga nya angellllllll
negative;9,75E+15;log
negative;9,99E+15;rouwet aplikasi gak gampangno uangel mosok verifikasi eror download bukti ekitir gk knek angel wez
negative;9,99E+15;warga ururanya keperluan tertunda mengurus surat makan selesai berminggu minggu selesai susah masuk datanya
negative;9,99E+15;disuruh pakai aplikasi aplikasinya aja gak file yg upload format upload sistem eror gimana si
negative;9,96E+14;aplikasi mempermudah mempersulit warganya
negative;9,99E+15;garaii ruwet
negative;9,99E+15;gatel cokinput data ga apanya yg mudahkalo dibikin ribet knp gampang
negative;9,97E+15;penipu nya dipermudah pakai apk tolong ditingkatin ngomong disesuaikan orang mls ngurus tf
negative;9,98E+15;ngurus perizinan catin masukan berkas input data kalo klik ajukan permohonan verifikasi berhasil nggaknya apasih maunya mempermudah mempersulit gini membuang tenaga bolak kua rt rw kelurahan deadline tgl nikah bingung min tolong dikasih solusim cepat gini kebingungan izin kerjanya bolak rt rw ngurus berkas ya allah
negative;9,99E+15;ribet banget sing ngurus surat nikah kebanyakan verifikasi cobaa ga singkronisai nya sma kelurahan rt rw ribet gajelas puyeng aplikasi bug eror mempersulit
negative;9,96E+15;proses upload file aplikasi gagal piye iki
negative;9,99E+15;eror nya solusinya mempermudah mempersulit ruwet ruwet ruwet
negative;9,99E+15;aplikasi pencitraan uda dilaunching ribet bikin orang mondarmandir kelurahan jaman bu risma dipecat developernya
negative;9,99E+15;eror gk sesuai ekspektasi
negative;1,00E+16;keluhan tgl tdk tindak bosem pd milik pemkot eceng gondoknya giliran kritik eh gak statusnya diping x gak tanggapan nunggu viral trs dilkerjakan ga uang rokok malas respon
negative;9,98E+15;ribet udah diikuti alurnya yg sistem error sj trz
negative;9,99E+15;aplikasi ruwet g mempermudah mempersulit mw log in aja ribet bgt mw udh mw masuk susah bgt aplikasi opo sakjane iki
negative;9,98E+15;lemot susah akses d buka gangguan
negative;9,98E+15;pemkot gk perubahan aplikasi dana pemkot kemajuan
negative;9,98E+15;aplikasih asw pusing ribet daftar ulang tulis user pasword konfirmasi jawabannya user email valid pasword salah ya yg pakai sehinggah membuka aplikasi sayang warga ribet username email pasword tlng bhs yg gak berbelit belit mbantu ya langsung ditunjukin
negative;9,81E+15;aplikasi bikin susah sulit orang menikahbanyak persyaratan nikah aplikasi muncul
negative;9,99E+15;verifikasi jelek
negative;9,99E+15;aplikasi kesalahan sistem gimana
negative;9,99E+15;ribet susah verifikasi nomor telpon aja error
negative;9,99E+15;memudahkan ribet edukasi perangkat kelurahan rt rw penyampaiannya warga oper tolong perbaiki sistem input data tap file dibilang hpnya gak mendukung aplikasi pake pc gabisa buruk pelayanannya
negative;9,99E+15;apk gk ribet udh zoom belom sertifikatnya
negative;9,99E+15;lemot aplikasi ne wes gawe wifi
negative;5,33E+15;aplikasi gaguna cok laporan pungli ae gak onok respon hapusen ae po o aplikasine cok
negative;9,99E+15;birokrasi ribet orang ga kerja ngurusin berminggu minggu kerja sumatera ngurusin ginian ngambil cuti minggu ga
negative;9,99E+15;selamat siangmohon bantuan p walikota surabaya beserta dinas terkaitsaya mengajukan pelebaran makam janji janji ajaorang hidup mati tinggal tunggu jadwal aja bertindak warga mendesak alasan makam wilayah penuhsaya mengadu kemana rapat bpkad berserta dinas dinas terkaitdan setuju semuatapi zoonk
negative;9,99E+15;aplikasi eror gak ngurus ribet
negative;9,98E+15;aplikasi klampid digabung bagus membantu utk verifikasi aja gagal ya
negative;9,99E+15;susah banget diaksesmw membantumempersulit sih birokrasi
negative;9,99E+15;aplikasi ruwet suka eror gak mempersulit orang nikah
negative;9,95E+15;niat hati mengurus catin suruh aplikasi aplikasinya kadang buka kadang bener kecewa bolakbalik rt rw kelurahan pakai aplikasi hidup mudah menguras tenaga
negative;9,99E+15;aplikasi mengurus catin aplikasi loading doang gak selesai selasai kalo gak gitu server error aplikasi mohon diperbaiki warga disuruh pakai
negative;9,97E+15;aplikasi telek pasword udh bener gagal kelurahan disuruh menggunankan aplikasi bs mempersulit warga
negative;9,96E+15;lupa pasword susah relog in
negative;9,99E+15;kebanyakan error sistemnya
negative;9,94E+15;slalu request time out teruss gak login
negative;9,98E+15;aplikasi gak d akses berguna gampang ngurus offline online bikin nambah ribet
negative;9,03E+15;gak dibuka request time out hadeh
negative;9,99E+15;bener aja dusuruh ngurus catin aplikasi aplikasi gak dibuka maunya mempersulit pengurusan membuang tgl dikerjar deadline aplikasi bobrok banget perbaikan berkas kua
negative;9,99E+15;error an mulu gbisa d buka apk gajelas
negative;9,90E+15;tolong tingkat lagii apk nya buka apk nya aja gak lohbuat kalo online aja gak max apknya tolong eri gimana solusinya iniii
negative;9,99E+15;error gk berguna
negative;9,98E+15;server time out
negative;9,99E+15;surat ijin nikah susah banget jodoh jg gak dpt y dr daerah mn tuh d daerah urus surat nikah gampang d susah y mnt ampun
negative;9,25E+15;aplikasi terbuka mending ngurus offline aja cepat
negative;9,98E+15;aplikasinya buruk susah banget akses ribet pengurusan surat surat pakai manual aja gampang cepat
negative;9,49E+14;masuk gagal ga buka ya
negative;8,33E+15;ngasih tutorial ruwett e astagfirullah
negative;9,92E+15;daftar gampang daftarnya sulit
negative;9,98E+15;minus pilihan pengurusannya aplikasi lengkap akses pc gak minimal akses manapun hp laptop error perizinan klampid error verifikasi nomer permintaan perizinan ribet
negative;9,99E+15;disuruh ngurus online biar gampang kenyataannya online ribet error berguna error sistemnya disuruh refresh browsernya kocak
negative;9,99E+15;ribet
negative;9,99E+15;buruk bug menyusahkan
negative;9,98E+15;sumpah mempersulit sswalfa dibuka kalo logout ujungnya email sm password gabisa masuk lg dibilang salah ganti email password
negative;9,98E+15;ga karuan pusing ngurus domisili ruwet ga koyo biyen
negative;7,48E+15;aplikasinya eror daftar email pasword nya bener engga login mohon pemerintah perhatikan perbarui aplikasinya mudah aplikasi wargaku surabaya
negative;9,78E+15;ribet pasangan salah satunya kota
negative;9,99E+15;membangu
negative;9,93E+14;gak gausah aneh poo
negative;9,89E+15;gajelas
negative;9,99E+15;ya jujur ajah kesini aneh program pemerintah programnya aneh ribet buangbuang aoa class catin diadakan fungsinya manfaatnya bermanfaat bimbing orang tau menikah juju ajah kecewa sih program eri cahyadi mohon ditiadakan tindak lanjuti programnya kasihan kota ribet sertifikatn
negative;9,99E+15;ribet dibikin online nyimpen data aja gak tulisan antrian molor ngurus heran perbaiki
negative;9,99E+15;ribet pakai aplikasi nikah sulit mending hapus aja
negative;9,99E+15;urus keperluan nikah ribet banget domisili
negative;9,99E+15;tujuannya mempermudah beneran situs ga diperbarui error aplikasi kekurangan sekelas aplikasi pemerintahan userfriendly saran mending metode orang bingung kebantu
negative;9,99E+14;aplikasi bobrok pelayanan kelurahan bobrok nya petugas pakai nada bentak
negative;9,57E+15;perizinan nikah mudah ribet
negative;9,99E+15;verifikasi nomor hp susah website nya gagal
negative;9,98E+15;daftar gagal
negative;9,99E+15;negara yg korup susah klo cepat gak ribet calo nya paham masak ga paham
negative;9,99E+15;pembaruan gak ambil nomor antrian puskesmas gak cek uda terdaftar blom gak cancel jg gk tau uda terdaftar puskesmas puskesmas marah daftar tp gak pdhl gk tau uda terdaftar blom cancel gak krn gk cek blokir bpjsnya yg salah aplikasi ya penjaga puskesmas aplikasi rusak yg yg blum update versi
negative;9,95E+15;bug tanggal merah server dimatikan
negative;9,99E+15;aplikasi payah mempermudah bikin ruwet login gk
negative;9,98E+14;gabisa daftar akun bug sempurna
negative;9,99E+15;aturan sampah
positive;9,98E+14;ok
negative;9,99E+15;menyulitkan aplikasi error
negative;8,01E+15;mengajukan keluhan tdk tanggapannya gimana nih aplikasi gunanya
negative;9,99E+15;kecewa sistem pemerintah yg memperibet akte lahir sy nama ortu nya salah membenarkan kesalahan nama tsb sulit kelurahan sy bolak kelurahan pengadilan negeri sy ditolak dikabulkan nya
negative;9,99E+15;gabisa login udah bener bikin akun aja ribet mempersulit masyarakat
negative;9,98E+15;aplikasi gk layak gk gk simpan data minus pool
negative;9,98E+15;nikah persulitt
negative;9,99E+15;aplikasinya nggak gini sih diperbarui menu nya
negative;9,96E+15;aplikasi tai relog mulu bangke
negative;9,96E+15;aplikasi ruwet
negative;5,11E+15;aplikasi edar kasiahan warga surabaya niat engkau persulitkan
negative;9,99E+15;surabaya ruwet ngurus pake apk apk gk layak rilis ngurus surat nikah aj ribet mending offline hpus aj peraturan serba apk nya bikin susah yg mo nikah zoom tpi ngisi ssw gk terdaftar calon catin ahh bikin emosi aj ruwettt polll surabayakuu bikin susah warga yg nikah aj ruwetttt ruweettt poullll surabayakuuu
negative;8,57E+14;pengaduan jalan raya berlubang ditindaklanjuti cepat mantaaaab
negative;9,99E+14;update nya susah alias lancar
negative;9,98E+15;nikah aja ribet aplikasi nya trobel buang buang selsai ngisi ssw tahap payah
negative;9,99E+15;aplikasinya jelek bgt nikah aja susah kirim data pasangan aplikasi aplikasinya ga bgt menyusahkan orang niat nikah
negative;9,99E+15;ribet
negative;9,99E+15;aplikasi gagal salah mungulang yg tmpat salah awai upload foto error mending hapus aja kalo kek gini ngenakin petugasnya duduk ngopi gajian
negative;9,92E+15;aplikasi tdk masuk pdhl username password udah bikin susah orang
negative;9,79E+15;by aplikasi ku mudah gak taunya kerja x aplikasi gak layak rilis
negative;9,92E+15;eri cahyadi tolong hapus aplikasi mempersulit warga memproses apapun
negative;9,98E+15;enakan ngurus offline terarah aplikasi sulit mengurus pernikahan ribet menu kegunaan nya sswalfa click request time out saran hapus aplikasi mode offline kecewa
negative;9,99E+15;aplikasi bobrok mempersulit pernikahan gk penyuluhan sistem cacat ngurus pindah nikah aja sesulit bangke
negative;9,94E+15;mudah yg klampid new generation ribet kadang kadang gak log in pindah pc log in via hp trus dokumen yg selesai diproses ga diunduh hp ya error pas coba buka via pc laptop diunduh bingung
negative;9,99E+15;jujur capek ngurus data gini aplikasi layak rilis kayak gini dipaksa ngurus online tpi bug dimana foto gk masuk email yg masuk sampek data yg diisi hilang nulis eri cahyadi walikota surabaya aplikasi uji bugnya perbaiki jgn aplikasi beta rilis gtu aja merugikan warga
negative;9,99E+15;aplikasi terburuk ga download verifikasi via wa aja error menu ga diklik klo verifikasi via wa hadehh ganti aja orang it nya ga becus kerja
negative;9,99E+15;apk gak iki tolong seng gawe apk matengno sek ojok angger mbok rilis syarat wajib kudu ngisi ngenean apk e gk blas
negative;9,99E+15;aplikasi taek cok nyusahno ae gak kyk jamane bu risma sembarang kalir ngurus gampang
negative;9,97E+15;verifikasi wa eror teruss ga maintenance kah aplikasinya
negative;9,99E+15;aplikasi gajelas
negative;9,97E+14;membantu nge cek status mbr anak sy susah menu cek mbr nya
negative;9,87E+15;aplikasi nge bug ngga login pas cetak berkas mending langsung web aplikasinya
negative;9,57E+15;aplikasi ga daftar coba login ga email terdaftar daftar nik terpakai x
negative;9,98E+15;suka respon opd terkait laporan besoknya ditindaklanjuti sy sgt meyayangkan aplikasinya yg ngebug aplikasi dibuka error sih dimaklumi e sy kesulitan perkembangan keluhan yg sy laporkan
negative;9,99E+15;ga sih pemerintah bikin aplikasi yg bener menyusahkan
negative;9,99E+15;bug eror sinyal bagus gk lag hp pas cetak berkas gk download mah
negative;9,98E+15;menyusahkan upload foto mb mesti resize ribet
negative;9,93E+15;aplikasi error ae bener no aplikasi mu
negative;8,02E+15;mending ditutup aja apk nya
negative;5,69E+15;daftar knp ya hp layak apk
negative;9,27E+15;disuruh verifikasi no tlfn apknya error trs tolong perbaiki
negative;9,99E+15;aplikasi sampah gak warga sby dipaksa pakai bikin aplikasi keliatan gak dipikirin flow nya habis isi data lihat data isi isi data mengulang isi nik komplainpengaduan ya gak didengerin komen ya hahaha
negative;9,99E+12;sungguh sistem lemot
negative;9,99E+15;menyusahkan bug tombol dipencet dsb
negative;5,85E+15;aplikasi verifikasi nomer hp error ulasan dibawah tolong diperbaiki
negative;7,97E+15;aplikasi gabisa verifikasi no hp aja error tolong diperbaiki
negative;9,70E+15;upload data ae uangellek gawe aplikasi seng jelasngisini suroboyo ae rek
negative;9,57E+15;aplikasi taekk nggarai darah
negative;9,99E+15;jelek banget bikin surat aja bikin ribet berbasis online mah bikin gampang lapor gunanya aplikasi
negative;8,55E+15;ruwet
negative;9,98E+15;coba ngurus kartu kia verifikasi nomer hp wa sesuai yg yg server error error yo suwe temen bln hadeh mempermudah memper sulit ngene iki
negative;9,99E+15;ngelag parah sih
negative;5,03E+15;foto selfi bs knpsemakin sulit menu kependudukan
negative;9,82E+15;ngisi data tp server error pagi smpe malam tlg diperbaiki lgi ayoo yg mempermudah masyarakat tolong dibuktikan
negative;5,02E+15;bikin ruwet kakek suruh email aplikasi
negative;9,99E+15;bikin surat pengantarr ajaaaa susahhh banget malahh nguras waktuu udah bolakbalik daftar server gk muncul pas ngesave dataa sukses gitu mempermudahhh mempersulit warganyaaaaaa
negative;8,86E+15;mohon maaf jujur aplikasi menyusahkan
negative;9,99E+15;menyulitkan apk
negative;9,28E+15;aplikasi wargaku menu sayang warga
negative;9,92E+14;pas udah ngisi tibalog out kode pengecekan permohonan serasa ribet bukanya peraturan enak lancar ribet
negative;9,98E+15;lg eror gmn
negative;9,97E+15;kembalikan aturan aja g pakai aplikasi kalo ngurus surat bikin ribet n sdh gtue trouble data sdh d input k rtrw n d kelurahan data belom masuk ribet n bikin capek d jalan warga dsuruh bolak balek k rtrw cwman verifikasi sdh d verifikasi n d kelurahan data belom masuk
negative;9,99E+15;komplain pengurusan ssw d suruh kesini ribet surabaya aneh
negative;9,97E+15;daftar susah tinggal nomor tellp error
negative;9,99E+15;aplikasi jelek banget upload foto gak trs kelurahan langsung manual gak pakai aplikasi gak trs solusinya
negative;9,26E+15;abis update logout ga bs masuk password sdh user name bener tp tetep salah pake email ga bs
negative;9,97E+15;logout aplikasi login email salah password salah udah bener yg input gilirah lupa password ga email salah ga bener aplikasi
negative;9,99E+15;pengurusan ruwet verifikasi data aja bolak ribet ruwet
negative;9,99E+15;aplikasi rumit log in gak
negative;9,97E+15;x coba register tp error loading data
negative;9,99E+15;respon menanggapi nya payah
negative;9,43E+15;email udah bener password udah bener tp ditolak
negative;7,01E+14;akun gak muncul sswalfa nya lupa password
negative;9,99E+15;bolak upload foto gak pdahal foto cmn mb sesuai app max mb aneh
positive;9,75E+15;bagus aplikasi langsung direspon masalahku bikin laporan lgi tanaman liar dibelakang rumah sdh tumbuh
negative;9,79E+15;aplikasi membantu masyarakat menengah keatas menengah kebawah yng jg pemkot satpol pp asli bawahan erik
negative;9,99E+15;gk gunanya ni buang buang paketan aja jelek
negative;9,54E+15;maaf edit ulasan karna apk logout masuk udah lakukan tp hasilnya nihil akun email pasword jg tolong diperbaiki
negative;6,76E+14;aplikasi yg gx berfaedah
negative;9,98E+15;orang berkuasa sosial permasalahan selesai permasalahan
negative;9,99E+15;ngisi data aja sampe sepuluh kali karna dibenerin ga mempermudah gini
negative;8,17E+15;download sehari udah mnta update
positive;5,80E+15;makasih keluhan langsung tanggapi temen keluhan sabar ya klu gak respon laporan x laporan langsung pasukan pemkot
negative;9,99E+15;menyulitkan orang
negative;9,99E+15;pelapor privasinya dilindungi umbar terancam salah pelapor
negative;9,99E+15;apk berguna
negative;9,98E+15;angel
negative;8,74E+15;gunanya aplikasi kalo disuruh dikomunikasikan dg kelurahan
negative;9,46E+15;blom detail
negative;9,95E+15;administrasi kependudukan isinya pemutahiran gelar erik hapus aja aplikasi gak gunabuang buang anggaranaja
negative;9,99E+15;ribet
negative;9,98E+15;halal aja dipersulit ya haha
negative;9,98E+15;app blm maksimal mempermudah memperuwet
negative;9,01E+14;apk membantu prosesnyamengikuti kelas jam dr akhirmengisi absensipresenttest posttest isi giliran nunggu sertifikatnya gg kelurahan disuruh puspagatanya puspaga dijwb disuruh komunikasihkan kelurahan hahaha jaman maju simplepraktismudah cepat kalo bintang kasih dah kekecewaan
negative;9,80E+15;orang yg menikah susah
negative;9,93E+15;mohon diperhatikan aplikasinya coba dicek aplikasinya penelusuran isi formnya nyimpanya pilihan prov kel kecdll gak pilihannya form knpa serba online kalo apl kayak gini apl smua berkas ksini skrg gak pusat kel kec wilayah d bantu ptugasnya mohon telusuri
negative;9,99E+15;parah apk nya lupa username nya ajja pas masuk sswalfa ajja gk ngecek sertifikat catin yg asli surabaya aja gini ribet
negative;7,46E+15;belom pake aplikasi tdk masuk
negative;9,99E+15;aplikasi eror nyusahin calon pengantin ruwet
negative;9,99E+15;habis update gagal login
negative;9,98E+15;respon fast respon jeleknya apk pelapor identitas nya dirahasiakan nama nomer telpon publikasikan
negative;9,99E+15;eror trus berkas lengkap bingung apk
negative;9,97E+15;verifikasi pengantar nikah aja rt rw gk sigap
negative;9,38E+15;aplikasi ga daftar tp keterangan nik dipakai kali mengakses lupa pasword keterangannya email terdaftar ga
negative;7,11E+15;cetak ulang ektp data pengganti ektpekitirnya diundusampai bulanstatus selasai dikirim dikelurahantapi dikelurahan dirw adaaplikasi parah
negative;9,48E+15;gak upload foto gak laporangimana sich
negative;9,99E+15;yg bikin aplikasi cek rilis gak sih aplikasi gak dipakai rilis pilih file foto gak gak file explore nya buruk aplikasi nya berguna
negative;7,51E+15;upload foto keluhan max mb foto yg apload uk mb sdh coba format pdf jpg mohon diperbaiki
negative;9,99E+15;hatihati melaporkan menjaga privasi tujuan melapor kebaikan perselisihan keegoisan ketua rtrwnya
negative;8,85E+15;tolong update simpan file otomatis habis ngisi pas ngisi
negative;9,95E+15;suruh update trs
negative;9,66E+14;izin media tetep ga fototerus ekitir nya ga download
positive;8,95E+15;siip
negative;9,99E+15;tolong bantu sharetindak pt pnm mekar cabang wonokromo yg bralamatkan jln bratang gede iiie no krn sdh melanggar yg mempekerjakan cewek jam kerja ngawur masuk jam pulang jam sdh manusiawi semena menapimpinannya hati memikirkan target tdk memikirkan keselamatan kesehatan karyawannya semena mena memulangkan karyawannya sperti
negative;9,99E+15;data mbr terdaftar lagiparahnya yg rumah lolos data mbrsaya yg menumpang orang tua lolos paraaaahdan yg lolos stikernya tutup kertas malu lihat orangdapat uangnya gak stiker warga miskin paraaaah paraaaah
negative;9,96E+15;buka yg dispendukcapilehhh ngentri data nik dll captcha robot cepat hilangdisuruh ulang lagiulang
negative;9,99E+15;lapornya aja blanko ktp taun tetep habis butuh banget memperbarui ektp yg trus asn guru diperbanyak kerjaannya muridnya pulang jam ditambah kerjaan gurunya hati sabtu utk mengajar kecamatan uang transport uang makan lemburan melanggar aturan jam kerja asn guru pas jam ditambahin diluar jam kerja
positive;9,99E+15;okelah
positive;9,98E+14;ok
negative;9,99E+15;tanggapan utk prosesnya
positive;9,98E+14;ok
negative;9,99E+15;aplikasinya berbelit belit
negative;9,80E+15;aplikasi ga gunastatus selesai kenyataan aja
positive;9,98E+14;ok
negative;9,29E+15;bagus sih tp disayangkan kalo warga surabaya gak daftar kerja kos surabaya kalo gak tercampur data orang surabaya non surabaya fitur pendaftaran non surabaya
negative;9,97E+15;lapor pengaduan selesai solusi sesi tanggapan disudahi gaji uang rakyat kewajiban melayani masyarakat tulus kerjanya absen pulang terima gaji
negative;9,99E+15;birokrasi aja ngga jalan teratasi ndasmu sempal
negative;9,96E+15;aplikasi absurd jg sop penggunaan domain surabaya tdk dibenarkan krn yg mengakui posting info dr surabaya tp tdk domain surabayagoid jg data krg bergerak pemkot integrasi ruwet mohon diperbaiki memalukan skom kalo alasan tabel permintaan ya mohon maaf tingkat analisa patut diragukan coba koreksi koordinator pemkot yg semenang menganggap remeh tenaga kontrak berani tunjukkan layak jd prakom
positive;9,98E+14;ok
negative;9,99E+15;pemkot surabaya respon
positive;9,79E+15;siiip
negative;9,92E+15;prank
positive;9,98E+14;ok
negative;9,93E+15;register gagaltidak solusi
negative;9,71E+15;asu susah tenan masuke jane niat bantu warga sby topo niar gwe ngelu
negative;7,74E+15;gak daftar
negative;9,98E+15;susah banget daftar akundari kemarin gak trus
negative;6,77E+15;aplikasi daftar jam pagi jam mlm tetep ndak
negative;9,96E+15;maaf mendaftar simpan datanya ko gagal yaatime out
negative;9,99E+15;daftar gagal mulu
negative;9,99E+15;gaguna daftarnya menyusahkan isi lengkap time out teruss
negative;9,92E+15;utk warganya utk masyarakat indonesia yg tinggal kota
negative;9,91E+15;salah apk nya data nya download terdaftar mbr stlah update terdaftar pengembang instansi yg terkait aplikasi ayok perbaiki anggaran daftar nya pake nik data terintegrasi data sesuai nik masuk menu daftar memasukan nik ayoo semangat hambur hamburkan anggaran kepentingan pribadi golongan surabaya hebat
positive;9,98E+15;mantull
positive;4,45E+16;surabaya
negative;8,07E+15;
positive;9,99E+15;okelah
negative;9,71E+15;berat ponsel
negative;8,86E+15;kalo laporan memuat data loading aja ga menu tampilan laporan
positive;9,98E+14;ok
negative;9,98E+15;utk laporan lansung d respon tpi utk laporan yg blum respon kecewa tanggap
negative;9,96E+15;gmn sih download aplikasi daftar gagal nik sdh terdaftar blm daftar kali download aplikasinya daftar lha tulisannya kn aneh
negative;9,96E+14;aplikasi dilarikan web hasilnya wkwkwk adaada pemkotku
negative;9,32E+15;pendaftaran akunnya pake info pribadi yg detail penghalang daftar melaporkan kadang aman anonim
negative;9,98E+15;error ga melaporkan
negative;9,90E+15;aplikasi udah setting warga surabaya laporan dipersulit bobroknya ketahuan atasan
positive;5,45E+15;kerja bagus
negative;9,93E+15;terkadang eror susah akses gagal mengirim laporan
negative;8,52E+15;sulit masuknya uninstall aja
negative;9,73E+15;coba ko
positive;9,98E+14;ok
negative;9,89E+15;aplikasi error dibuka dibutuhkan
negative;9,96E+15;kecewa warga non surabaya meluangkan aspirasinya
negative;6,27E+15;daftar online puskesmas rumah sakit hp muncul server eror giliran laptop tolong donk knp kyk gtu google muncul tulisan server eror
negative;9,97E+15;coba
negative;9,99E+15;laporan disuruh komunikasi dg kelurahan aplikasi klo gini
negative;9,92E+15;aplikasi error daftar berfungsi buang aplikasi biar bahan penggunaan yg melanggar hukum
negative;9,96E+15;kali instal aplikasi berhasil
negative;8,36E+15;aduan diproses
negative;9,98E+15;aplikasi hebat lapor lngsung telpon marahi maki opd daerah
negative;9,95E+15;ya daftar akun terdaftar daftarin kader rt daftarin apk gtau apk emang rt aneh bgt
negative;5,32E+15;aplikasi nya lumayan respon cpt bngt koq tp klau eror hrs coba lg dn bs eri tlng warga yg berktp sby tp kerja nya sby bs dftr mbr
positive;9,98E+14;ok
negative;8,77E+15;aplikasi n website sayang warga surabaya sepenuhnya ready udah diluncurkan bikin beban kader kesehatan yg isi form sampe bengi krn kesulitan akses sak suroboyo ngakses
negative;9,99E+15;aneh bin gak masuk akal daftar daftar aplikasi lha muncul tulisan mendaftar akun login lha lagek kate daftar onok tulisan koyok ngono iku seh cak akhire yo gak isok daftar iki yok opo iki cak
negative;9,99E+15;gagal gimana
negative;9,49E+15;daftar daftar susah data masukkan aplikasi mohon perbaiki aplikasi terimakasih
negative;9,84E+15;daftar gagal trus kk nik surabaya diulang why
negative;9,91E+15;respon cepat kenyataan lapangan berbeda mohon benahi yg lapangan
negative;9,98E+15;gimana sih respon aplikasinya aplikasi udah launching daftar aja kendalanya aja selesaikan aplikasi launching
negative;9,98E+15;aplikasi berfungsi aktif
negative;9,99E+15;membagongkan
negative;9,99E+15;bingung
negative;9,96E+15;pemilihan lokasi ribet responsif loading peta
negative;9,97E+15;laporan vaksin aplikasi tdk upload foto tp disuruh upload fotogimana nih maksudnya aplikasi bodoh dipiara aja nih
negative;7,26E+15;knp pindah udah gak pindah kota gak
negative;9,98E+15;applikasi ga hak warga surabaya bikin ribet
positive;9,98E+14;ok
negative;9,52E+15;melaporkam gotsaluran air gak salurannya air tertampung klo musim hujan banjir erii tolong ditinjausaya aplikasi wargaku ditindak lanjuti aja
negative;9,12E+15;diulanglagi sip
negative;9,96E+15;aplikasi bagus banget lapor ditanggapin eh skrg udh nulis pengaduan history pengaduan hilang aduan proses ditindaklanjuti cek ktnya error history pengaduan hilang uninstall login login pdhl username password suda solusinya ga tau hasil laporan wargaku diatasi blm tolong perbaiki
negative;9,98E+14;nomor aduan tlp reject keluhan susah
negative;9,99E+15;lapor langsung tanggepin besoknya lgsg kerjakan skrg boro kerjakan tanggepin aja aplikasi sediakan gercep skrg lambat
negative;9,99E+15;kirim aduan nulis ehh gagal benahi donk aplikasi maksimal pengoperasiannya
negative;9,95E+15;daftar error
positive;9,98E+14;ok
negative;9,99E+14;aplikasi berguna sampah komplain jg tdk ditindaklanjuti diinstall buang kuota
negative;9,31E+15;mengirim aduan apk ngk menyelesaian permasalahan yg kampung
negative;9,98E+15;respon terkait serifikat vaksin yg tanggapan gunanya aplikasi sy asli surabaya tp persulit
positive;7,30E+15;keluhan warga cepat ditanggapi
positive;8,78E+15;membantu
positive;9,98E+14;ok
negative;9,96E+15;sedih banget registrasi nik temukan ktp surabaya mohon tanggapannya
negative;9,87E+15;coba berkali utk daftar errorbelum
negative;9,12E+14;daftar error pemberitahuan kali coba nik terdaftar kk terdaftarada ktp nya sebulan msih error
positive;9,64E+15;aplikasi mantap laporan diselesaikan ngga sampe jam
negative;9,95E+14;nyoba
negative;9,99E+15;aplikasi gk mengirim keluan kemana mengadu
negative;9,89E+15;laporan langsung respon dinas berani menegakkan aturan alhasil pelanggaran
negative;9,79E+15;ditingkatkan
negative;6,64E+15;baguspihak lapangan penindakan
negative;9,99E+15;gak solusinya pelayanan buruk
negative;5,65E+15;update terbaru bug nya memilih opd tombol hilang update bs bs diperbaiki lagithx
negative;9,99E+15;aplikasi buka error
negative;9,99E+14;susah sinyal gampang eror aplikasi
negative;9,84E+15;akun gagal trs aplikasi opo iki hadecch crruuttt
negative;6,01E+15;bagus membantu warga surabaya cm sya tnya knp ya stlh sya logout tdk bs msk lgi pdhl email sm passwordx sdh ya mskx lgi
negative;9,93E+15;
negative;9,03E+15;lambat
positive;9,95E+15;ntapss
negative;9,99E+15;lingkungan jl bukitbarisan jorok kotor
negative;9,15E+15;tp mudah an dibaca pimp nany staff e
positive;6,58E+15;bagus gampang kelu kesah warga surabaya
negative;9,80E+15;bintang mengadu tanggal april tanggapan
negative;8,45E+15;usia pengguna aplikasi dibatasi kelahiran keatas
positive;9,98E+14;ok
negative;9,88E+15;mengadu bansos ndak tanggapan ya emang diproses
negative;6,89E+15;melaporkan jalan berlobang wilayah surabaya wilayah domisili korban akibat jalan berlobang terima kasih
negative;7,92E+15;sek coba min mugi ae manfaat
positive;9,98E+14;ok
negative;9,98E+15;munyer
negative;8,94E+15;cak ri sok mben lek wes gak onk corona ngopi ayo koyok disek
positive;9,98E+14;ok
negative;9,98E+15;memghargai tujuan pemkot surabaya tolong aplikasi error nge blank dipaksakan keluhan aplikasi yg errorsudah pembayaran bukti aplikasi terbayar hubungi pengaduan aplikasi bisauntung penjual kembalikan uang yg masuk klo gak nyusahin klo uang hilang
negative;9,39E+15;permisi mohon maaf pengelola aplikasi pemeliharaan aplikasi aplikasi masuk udah uang ga cair tolong pengelola aplikasi benahkan gabisa ngeoperasikan aplikasi gini ganti aja nada sopan terima kasih
negative;9,96E+15;aplikasi gak akun daftar gak daftar
negative;9,98E+15;transaksi pembayaran masuknyapembeli membayar lunas qris sistematis ganti status dikemas menunggu pembayaran panik dihubungi pembeli teruskok gak dikemas kemasmohon penjelasannyaagar kesan aplikasi layak pakai
negative;5,62E+14;harganya lbh mahal drpd alfaindomt trs nmbh ongkir trs penjualnya jg songong berasa asn yg butuh jd semena sy bangga sbnrnya dg apk tp sdh ditelusuri pemilik org yg kaya jdnya yg kaya tmbh kaya ngantar brg yg sy pesan pake mobil bahkn sy aja gak pny mobil knp gak penjual yg pasar dimotivasi spy bs dftr pedagang epeken trs yg dmksd pemkot mensejahterakan yg mn
negative;6,78E+15;segi interface membantu mohon perbaiki segi pengalaman pengguna kesulitan mencari yg mksud aspek salah satunya pengelompokkan buttom bar
negative;9,98E+15;aplikasi ribet
negative;9,99E+15;sulit
negative;9,82E+15;ra iso buka wes daftar nang online iso weee bintang ae
positive;9,30E+15;ok bagus
negative;9,93E+15;aplikasi error hr aja dr pagi sore trouble orderan yg approve tolong sempurnakan aplikasi nya
negative;9,98E+15;error aplikasinyasekarang tetiba logout login ga
negative;9,99E+15;membantu
positive;9,94E+15;oklah
negative;9,46E+15;aplikasinya januari ga dibuka ya
negative;9,58E+15;eror transfer tp sttsnya blm bayar
negative;9,41E+15;ga login gagal
negative;9,99E+15;aplikasi sampah login aja gabisa ga berguna
negative;9,99E+15;gak daftar gak niat yg bikin aplikasinya gak login profesional suruh coba aja ditest bug nya
negative;9,31E+15;harga mahal diluarbisa selisih rbrb harga tdk masuk akal
negative;9,99E+15;aplikasinya dipaksakan log in jlimet ngisi data susah
negative;9,38E+15;comment negatif positif nya bantu team developer nya memakai email perusahaan email pribadigmail
negative;7,30E+15;kesuwen
negative;8,10E+15;daftar gimana ya mas gk
negative;9,99E+15;ga masuk login jelek
negative;9,99E+15;aplikasi rusak
negative;9,90E+15;tolong aplikasinya diperbaiki login pakek email gak username opsi username email gak orang langsung inget usernamenya aplikasinya gitu gak opsi lupa sandi lupa sandi dibuka browser iya kalo make anak muda kalo orang tua gak bingung enak pakai olshop tolong diperbaiki ya kak aplikasinya udah bagus aplikasinya secupu
negative;9,96E+15;susah masuk makasih
negative;9,49E+15;username paswort gak
negative;9,95E+15;harapan harap update produk stok biaya pengiriman tambahkan permudah penghapusan produk ketidaksediaan barang seringkali terjual gak hapus dipesan orang penjual kesulitan mengidentifikasi yg sih yg pesan ukuran fotonya gak zoom tombol yg mengarah produk
negative;9,95E+15;aplikasih dipaksa menyusahakan pns belanja terkesan kena palak diharuskan jt belanja epeken masuk aplikasi pdhl reset password kebutuhan kluarga beda beda yg mengirit utk melunasi tanggungan harganya murah toko offline ribet utk pns yg muda belanja sanksi
negative;9,99E+15;asli parah aplikasi iki wes mbayar ga akui ribet ruwet kudune nek jualan online iku mempeudah transaksi jual beliiki ruwet telitien apikasimu aplikasi iki digawe iku nggawe duek e rakyat
negative;9,54E+15;bingung min penjual aplikasi peken
negative;9,98E+15;bangga ya kudu guyu aplikasi gk pekso beroprasi gk mending beli langsung ae ta tokonya gk pakai aplikasian harganya murah beli langsung toko dripada aplikasi wkwkwk kasian toko yg gk kesempatan akses toko aplikasi toko toko gk berkembang aja tujuan oknum mengambil keuntungan dri pembuatan aplikasi gk sempurnah
negative;9,99E+15;penjualnya kebanyakan jutek respon penjual lelet lemot
negative;9,72E+15;masyarakat
negative;6,99E+15;logine yoknopo min bintang telu
negative;5,92E+15;log in list itemnya tambahkan fitur codbayar pemkot permudah sistem orang berbelanja online foto produk detail produk
negative;9,97E+14;gak logib
negative;9,98E+15;liat iklan tertarikmau belanjatapi logim gk bisagmn belanjanyamohon diperbaiki
negative;9,00E+15;warga surabaya bangga aplikasi umkm kendala akses via aplikasi daftar via web login aplikasi susah coba baca user guide ribet pesan dll dilaunching diuji semoga peningkatan
negative;9,97E+15;gak bikin aplikasinya
negative;9,74E+15;login via browser seller responsif
negative;9,99E+15;rurang respon
negative;9,99E+15;mengecewakan login belanja
negative;9,98E+15;apk log out masuk aplikasi susah
positive;9,98E+14;ok
negative;9,97E+15;gk bsa
negative;9,99E+15;bagus log outharus login yg versi
negative;9,99E+15;kau bikin aplikasi pake sistem kaya gimana anjir aplikasi kehapus data sengaja uninstall data login kekunci dihp emang memikirkan kondisi hp pengguna rusak mempersulit pengguna pake aplikasi anak muda aja orang tua gaptek
negative;9,77E+15;data log in terblokircra bukanya gimana
negative;9,88E+15;membantu tibw gk dibuka apl nya
negative;9,68E+15;error
negative;9,99E+15;trouble bos susah masuk ruwet
negative;9,97E+15;kadang eror
negative;9,86E+15;trobel gak akurat loding aja
negative;9,97E+15;aplikasi srg error
negative;9,60E+15;gak update deh bkin ribet klo update aplikasi manapun gk ribet update login aja susah
negative;9,65E+15;ios tersedia ya
negative;6,90E+15;aplikasi kantorku digunakanmuncul tulisan mengecek pembaharuan solusi
negative;5,71E+15;buka aplikasi hp gk ya min hp udh hapus apl tetep gk masuk mohon bantuannya aplikasi berguna
negative;5,62E+15;min hp aplikasi gak bukak yhaa min
negative;9,97E+15;eror
negative;5,94E+15;gak login passwordnya tu tulisannya salah
positive;9,98E+14;ok
negative;9,70E+15;gak ya
negative;9,99E+15;ngelag
negative;9,53E+15;ku error
negative;9,10E+15;trobel
negative;9,99E+15;ngak nambah pinter digobloki bosok muter terusss
negative;9,99E+15;aplikasi ya loading
negative;9,98E+15;bolakbalik eror
negative;9,57E+15;kadang eror absennya
positive;9,16E+15;jos
negative;7,49E+15;gak sesuai yg shif kerja malam
positive;9,95E+15;josss aplikasinya sperti pertahankan
negative;6,59E+15;merubah password nya
positive;9,98E+14;ok
positive;9,95E+15;ok mantaap
negative;9,97E+15;aplikasi ga boros baterai boros paket data
positive;6,04E+15;ok sip
negative;9,98E+15;app nya error
negative;9,99E+15;aplikasinya jelek
negative;9,99E+15;error merusak hp
positive;9,97E+15;ok bangaet
positive;9,98E+14;ok
negative;9,99E+15;it e sip
negative;9,93E+15;boros koata
negative;9,86E+15;eror
negative;8,67E+15;seng bayaran balek umr
negative;9,99E+15;kebanyakan update error
positive;8,06E+15;mantul
positive;8,62E+15;gercep bangett pelayanan nya jalanan rusak langsung perbaiki keren aplikasi
positive;9,99E+15;bagus
positive;9,98E+15;mantappsangat mengapresiasi aplikasi wargaku memudahkan pengurus kampung koordinasi dinas terkait kepentingan warga
positive;9,43E+15;ok mantap
positive;9,96E+15;aplikasi simpel layanan bagus semoga kedepannya konsisten saran semoga kedepannya rtrw kelurahan edukasi sistem responsif
positive;9,94E+15;aplikasi wargaku surabaya membantu keluhan warganya cpt tertidaklanjuti olek pemkot surabayaterima pemkot surabaya wali kota surabaya erik cahyadi respon cpt
positive;9,99E+14;membantu
positive;9,77E+15;mantaaap
positive;9,95E+15;terimakasih
negative;9,97E+15;aplikasi opo ikiruwet bgt
positive;9,99E+15;mantab
positive;6,78E+15;diancuk sipp
positive;9,98E+15;
positive;9,99E+15;bagus aplikasinya
positive;9,99E+15;good job
positive;9,54E+15;responsif penanganan keluhan masyarakatsip lanjutkan pengabdian masyarakat lagiabaikan pembenci pemkot yg gak
positive;9,99E+15;mantap
positive;9,99E+15;mantab
positive;9,98E+15;membantu
positive;9,98E+15;simpel
positive;9,97E+15;assalamualaikum surabaya hebat terimakasih walikota perhatian warganya pelayanan dipermudah online offline aplikasi oke salam matur nuwun mewakili warga rw rt kelurahan keputran kecamatan tegalsari bravo surabaya hebat
positive;9,98E+15;cocok bermanfaat
positive;8,51E+14;membantu warga surabaya informasi dipemkot surabaya
positive;9,98E+15;bagus
positive;9,96E+15;semoga
positive;9,96E+15;respon cepat
positive;9,98E+15;mempermudah laporan
positive;9,98E+15;bagus
positive;9,99E+15;good
positive;9,95E+14;aplikasi bermanfaat warga surabaya mempergunakannya berterima kasih respon cepat pengisian aplikasi selesai dijalankan
positive;9,65E+15;membantu masyarakat ketua rt kesenjangan sosial warganya
positive;9,97E+15;alhamdulillah terbantu aplikasi keluhan pelayanan masyarakat cepat direspon pemkot surabaya
negative;7,38E+15;ruwet cak sumpah
positive;9,94E+15;membantu tinggal kecamatan kelurahan dukuh pakis keluhan langsung ditanggapi ramah ditindak lanjuti cepat salam sehat camat lurah menjabat maturnuwun nggeh
positive;9,98E+15;aplikasi terbaik warga surabaya
positive;7,23E+15;oke
positive;9,99E+15;model nya keren suka
positive;9,96E+15;membantu
positive;9,98E+15;bermanfaat bangat yg warga surabay
positive;9,82E+15;cepat
positive;9,80E+15;cocok
positive;9,99E+15;alhamdulillah apk membantu masyarakatdan prosesnya cepat jam kerjasemoga bermanfaat kedepannya
positive;9,95E+15;membantu skali mantab gak pergi langsung rumah sakit
positive;9,98E+15;membantu terimakasih
positive;9,25E+15;kembalikan jaman bu risma cepat tanggap
positive;9,98E+15;
positive;9,93E+15;bermanfaat membantu layanan warga suroboyo
positive;9,98E+15;bagus aplikasinya fast rerspon
positive;9,99E+14;senang bangga warga surabaya yg memiliki pemimpin yg ikhlas bersedia memikirkan memperjuangkan warganya menikmati hidup diperjuangkannya pembangunan infra struktur masyarakat suritauladan masyarakat memiliki moral membangun kotanya berempati menolong warga fakir miskin yg membutuhkan suport hidup memikirkan generasi bangsa terima kasih pemimpinku semoga bahagia dunia akheratamin
positive;9,98E+15;bagus
positive;9,96E+15;membantu
positive;9,98E+15;bagus
positive;9,98E+15;bagus
positive;9,99E+15;apk mantap
positive;7,23E+15;oke
positive;9,93E+14;aplikasi warga surabaya yg membantu
positive;9,99E+15;pelayanannya cepat
positive;9,97E+15;terbantu aplikasi wargaku team operasionalnya tanggap membantu detail keluhan terimakasih from rizanurfauzia
positive;9,99E+15;mantap laporan kerja
positive;9,99E+14;membantu pelayanan masyarakat surabaya
positive;9,98E+15;memuaskan
positive;9,93E+15;bagus
positive;9,99E+15;good
positive;9,99E+15;mantap
positive;9,97E+14;mempermudah dlm berobat
positive;9,99E+15;mantap
positive;9,99E+15;mantap aplikasi berguna aplikasi yg bagus pemerintah kota surabaya respon cepat mantap
positive;9,49E+15;warga surabaya terbantu dg aplikasi cepatnya respon opd terkait bpk walikota surabaya semoga aplikasi contoh kota kota yg bravo walikota surabaya
positive;9,98E+15;semoga bermanfaat warga surabaya
positive;9,99E+15;good
positive;9,99E+15;suroboyo joss
positive;9,97E+15;membantu semoga bagus kedepannya
positive;9,98E+15;baguss
positive;9,99E+15;mantap
positive;9,98E+15;membantu
positive;9,96E+15;terimakasih aplikasi terbantu aplikasi pengaduan cepat tanggapi trima kasih eri
positive;9,98E+15;bagus membantu warga
positive;9,99E+15;membantu warga surabaya
positive;9,99E+15;membantu warga surabaya
positive;9,99E+15;good
positive;9,99E+15;membantu trimakasih
positive;7,23E+15;oke
positive;9,98E+15;
positive;9,99E+14;luwih praktis luwih nyaman
positive;9,99E+15;mantap pokoknya
positive;9,96E+15;membantu
positive;9,08E+15;okbagus
positive;9,97E+15;maturnuwun
positive;9,98E+15;bagus
positive;9,98E+15;puas pelayanan warganya
positive;9,94E+14;membantu warga kota surabaya
positive;9,87E+15;bgs lbh ditingkatkan saran usul
positive;9,99E+15;keren
positive;9,99E+15;membantu respon cepat cepat teratasi
positive;9,99E+15;pelayanan puskesmas dk kupang memuaskan
positive;9,99E+15;bermanfaat
positive;9,97E+15;menjadinsolusincepat
positive;9,99E+15;aplikasi membantu masyarakatwarga kota surabaya
positive;9,99E+15;mantap
positive;9,99E+15;mantap
positive;9,98E+15;super keren
positive;9,96E+15;membantu
positive;9,99E+15;membantu masyarakat
positive;9,96E+15;membantu
positive;9,82E+15;bagus sbg btk kepedulian thdp keluhan warga sby
positive;9,99E+15;good application
positive;9,97E+15;membantu warga kota surabaya
positive;9,07E+15;bagus aplikasi warga surabaya cm responnya lambat bs respon cepet max jam da respon kadang d respon
positive;9,95E+15;mempermudah masyarakat keluhan langsung dinas terkait mantab sulabaya kotaku walikota cerdas santun merakyat
positive;8,80E+14;cepat tanggap pelayanan publik
positive;9,99E+15;mantap
positive;9,97E+15;good perfect
positive;9,92E+14;respon lumayan cepat
positive;9,99E+15;semoga bermanfaat
positive;9,86E+15;tanggapan
positive;9,99E+15;senang gabung
positive;9,99E+15;mudah memuaskan
positive;9,46E+14;wargaku surabaya kota surabaya terselesaikan
positive;7,46E+15;menyala
positive;9,92E+15;dgn warga surabaya info nya
positive;9,97E+15;bagus
positive;9,97E+15;smoga amanah
positive;9,98E+15;cepat akurat
positive;9,95E+15;membantu aplikasi bs keperluan
positive;9,93E+15;membantu muantaf
positive;9,99E+15;bagus infonya
positive;9,98E+15;lancar
negative;8,20E+15;kapitalis
positive;9,98E+15;alhamdulillah langsung respon
positive;9,99E+15;bermanfaat warga surabaya terimakash
positive;9,96E+15;membantu menghidupkan
positive;9,68E+15;semoga lancar wargaku surabaya
positive;9,96E+15;fast respon mantap pokoke
positive;8,13E+15;mantab lanjutkan surabaya
positive;9,96E+15;membantu proses pelayanan
positive;9,91E+15;terima kasih membantu bikin kia uda jadibikin akte lahir nunggu cetak membantu daftar online puskesmas ok
positive;9,99E+15;mantap
positive;9,98E+15;aplikasi mya bagus membantu menunya beragam semkga kedepannya lengkap
positive;9,99E+15;puas
positive;9,95E+15;bagus membantu banget menjalankan tugas
positive;9,87E+14;mantap update pembaruan
negative;9,39E+14;riwet tahapan nya
positive;9,97E+15;respon cepat petugas dilapangan ramah ribet pungli maju surabaya ku sukses sehat dinas terkait sukses sehat cak eri
negative;8,68E+14;piye to mind wes kadong download bareng arep nyimpen erortolong mind sistemnya tingkatkan warga surabayamatur nuwun
positive;9,99E+15;
negative;5,19E+15;aplikasi launching daftar login error ambil nomor antrean puskesmas aplikasi ehealth cepat ringan sak karepmu sak senengseneng mu
positive;9,99E+15;
positive;9,79E+15;apik
positive;8,60E+15;aplikasi bagusnamun login gagalapa penyebabnya
positive;9,99E+15;surabaya maju kota ku bahagia warganya nya
positive;9,94E+14;membantu warga surabaya matur nuwon pkwali beserta jajarannya
positive;9,99E+13;al mantabek
positive;9,99E+15;mantab
positive;9,48E+15;aplikasi respon keluhan warga surabayajadi instansi terkait membantu pelayanan terbaik warga surabayakarena dipimpin risma cepat merespon keluhan warganyajadi harap kedepannya melayani keluhan masyarakatbukan balas chating aja tindakankalau dikasih link petugas terkait meresponterimakasih
positive;9,97E+15;lumayan membantu
positive;9,99E+15;aplikasi inovatif
positive;9,80E+15;dng cepat pemkot sby membantu kesulitan warga
positive;9,99E+14;membantu warga surabaya
positive;9,98E+15;innovative
positive;9,98E+15;bagus pembenahan maju surabayaku
negative;6,60E+15;cak eri iki yak opo pengaduanku saranku appwargaku suroboyo kq gak onok tanggapanopo balasaneblass kulo niki warga asli suroboyoloo tolongdi bantunggii cak erisuwun
positive;9,98E+15;niat pemerintah daerah membangun interaksi masyarakat menjalankan roda pemerintahan didukung penuh semoga kedepan pelayanan kelurahan dinas maju rumah kota surabaya leader pelayanan masyarakat masyarakat fokus beribadah berkesenian menikmati kota surabaya diribetkan urusan pemerintah bravo pemkot surabaya
positive;9,98E+15;recomended
positive;9,99E+15;aplikasi yg mantab bermanfaat warga surabaya
positive;9,06E+15;semoga membantu amien
positive;9,98E+15;terima kasihaplikasi membantu
positive;9,98E+15;bagus masyarakat
positive;9,94E+15;terima kasih mempermudah interaksi warga pemerintahan
positive;7,36E+15;semoga berjalan sesuai dg yg dikehendaki
positive;9,99E+14;bagus banget
positive;9,48E+15;praktis gpl
positive;9,99E+15;mantap
positive;9,91E+15;sip bagus
positive;9,99E+15;membantu warga kota surabaya mantap
positive;9,65E+15;mantap surabaya salam walikota josuntuk evaluasi tindak pemimpin terkaityg serius menanggapi permasalahan lapangan
positive;9,99E+15;mantap respon cepat
positive;9,73E+15;kasih bintang aplikasi saran kritik keluhan warga surabaya fast respon bintangnya ditambah
positive;9,96E+15;respon cepat
positive;6,78E+15;topppppp
positive;9,98E+15;
positive;9,98E+15;bagus
positive;9,96E+15;membantu
positive;9,88E+15;bagus n membantu
positive;9,36E+14;oke
positive;9,99E+15;cocok warga surabaya
positive;9,97E+15;puas thx rekan jempol
positive;9,98E+15;aplikasi plus respon cepat pemerintah surabaya
positive;9,97E+15;menarik solusinya kreatif pelayanan warga masyarakat surabaya jatim dinamis
positive;9,97E+15;integrasi ehealt mohon dibuatkan formnya aplikasi aplikasi wargaku bagus semoga membantu warga kota surabaya
positive;9,98E+15;terima kasih pemkot surabaya berbenah semangat bangga warga surabaya
positive;9,97E+15;sya komplain pdam daerah sya mati smpe hri stlaah sy komplain aplikasi warga ku lsng teratasi smpe air pdam daerah sya lancar jaya terimakasih pemkot pdam kinerjanya oke
positive;9,94E+15;tambahi aduan pungutan liar rtrwaparat marak oknum rtrwaparat gt kasih bintang semangat membangun surabaya aman nyaman
positive;9,99E+15;respon cepat bangga warga surabaya kota elit maju insyaallah sejahtera aamiin
positive;7,23E+15;oke
positive;9,95E+15;inovatif aspiratifresponsif
positive;9,99E+15;bagus warga surabaya
positive;9,92E+15;terimakasih berkat aplikasi warga surabaya terbantu banget kemarin debat oknum kelurahan terkait surat download mengadukan alhamdulillah terselesaikan cepat terimakasih
positive;9,97E+15;aplikasi wargaku membantu warga surabaya sistem keluhan kampung teratasi respon cepat ucapkan terima kasih membantu terselesaikannya keluhan kampung maju sukses pemkot surabaya
positive;6,12E+15;bermanfaat warga surabaya utk mengeluh saran
positive;9,97E+15;bagus semoga benarbenar bermanfaat warga surabaya semangat membangun surabaya matur sembah nuwun
positive;9,98E+15;bagus
positive;9,06E+15;membantu warga saran kritikan keluhan saran apk tsb bukti photo yg diupload max photo rincithanks
positive;9,98E+15;membantu
positive;9,99E+15;mantap
positive;9,98E+15;bagus
positive;9,98E+15;bagus apk membantu sayang instansi yg gak tercantum diskominfo bravo wali eri cahyadi semoga surabaya berkembang pesat kotanya
positive;9,95E+15;membantu butuhkan
positive;9,97E+15;membantu
positive;9,93E+15;bagus applikasi mempercepat proses komunikasi birokrasi
positive;9,96E+15;lumayan cepat respon dr opd
positive;9,97E+15;semogah bermanfaat berkah amanah
positive;9,99E+15;aplikasinya bagus mudah diakses warga surabaya
positive;9,97E+15;membantu dlm keluhan
positive;9,67E+15;saran pelapor rahasiakan indetitasnya instansi dinas terkait admin pemkot yg pengalaman kemarin laporan tindaklanjuti tlp dinas terkait app dibutuhkan diperbaikisemangat pemkot semangat cak eri
positive;9,98E+15;bagus
positive;7,03E+15;semoga aplikasi jembatan komunikasi bpk walikota warganya
positive;9,98E+15;alhamdulillah kepemimpinan eri cahyadi utk kepentingan warga surabaya semoga beliau amanah dgn warga surabaya sukses
positive;9,98E+15;semoga berkah
positive;9,99E+15;membantu dlm penyelesaian mslh warga cepat tanggapi langsung sukses bpk walikota eri
positive;9,98E+15;apliaksi yg respon cepat bagus
positive;9,98E+15;solutif inovatif salut perkembangan pelayanan warga kota surabaya memudahkan warganya
positive;9,03E+15;bagus bermanfaattetapi sayang sekalisaya lupa password telpon kontak center gk terangkat terusmohon solusikrn membutuhkan aplikasi lagithnks kotaku surabaya
positive;9,99E+15;mantul mantap
positive;9,97E+15;mantap cepat permasalahan dikota surabaya
positive;9,98E+15;aplikasi unek saran tersalurkan perbaikan fasum sby penangananya cepat semoga surabaya josss ilove srby
positive;9,92E+15;semoga bs jd aplikasi yg bermanfaat bg warga surabaya
positive;9,98E+15;
positive;9,95E+15;mantab tenan
positive;9,99E+15;mantap
positive;9,97E+15;senang
positive;9,98E+15;bagus kemajuan kota surabaya
positive;9,96E+15;luarbiasa bagus
positive;5,18E+15;tolong ku erji semoga pengaduan amanah ku erji salam rudi kuswantoro
positive;9,98E+15;warga masyarakat membantu pemerintah samasama update kendala kemajuan kota surabaya program hebat walikota erji semoga konsisten trimakasih eriarmuji
positive;9,49E+15;smoga kedepannya surabaya smart city bsa menanggapi keluhan masyarakat cepat
positive;9,10E+15;semoga aplikasi merubah
positive;9,97E+15;aplikasi yg bagus utk menghubungkan pemkot surabaya dgn warga
positive;9,97E+15;aplikasi bagus bermanfaat warga surabaya ancene cak erji pancen top sehat nggeh cak warga kota surabaya
positive;9,91E+15;percayakarena nggak ceritanya eri menelantarkan warganyasukses
positive;9,99E+15;sukses erik enak ya kesulitan
positive;9,97E+15;smoga aplikasi bermanfaat warga surabaya salut eri yg sllu memperhatikan warga surabaya
positive;9,17E+15;nyoba aduan masyarakat overall setuju aplikasi
positive;9,75E+15;bintang telu dhisik yo min ndelok perkembangane lek apik yambahi bintange
positive;6,33E+15;membatu melaporkan keluhan warga
positive;9,93E+15;aplikasi yg bermanfaat warga surabaya
positive;9,99E+15;belanja aman mudah antrian
positive;9,99E+15;mantap aplikasi mempermudah berbelanja
positive;9,97E+15;mantap
positive;9,83E+15;pemkot sby bagus kemudahan utk membeli produk umkm semoga aplikasi bermanfaat pembeli yg malas kluar sperti
positive;9,98E+15;belanja kebutuhan seharihari mudah
positive;9,95E+15;bermanfaat
positive;9,99E+15;bagus mudah surabaya hebat
positive;9,93E+15;bagus semoga berkembang pilihan metode pembayaran pengiriman
positive;9,99E+15;aplikasinya bagus produknya umkm pilihannya jdi tau klo produknya umkm beli
positive;9,92E+15;bangga warga surabaya semoga berkembang bersaing kompetitor
positive;9,97E+15;aplikasinya membantu umkm semoga ekonomi surabaya meningkat
positive;9,99E+15;membantu umkm surabaya
positive;9,96E+15;bagus mempermudah membeli barang umkm surabaya
positive;9,99E+15;aplikasinya bagus membantu umkm menjual produknya
positive;9,98E+15;alhamdulillah aplikasi peken pemerintah kota surabaya kebutuhan pangan terarah terima kasih pemkot
positive;9,97E+14;fitur nya dipahami
positive;9,96E+15;membantu
positive;9,75E+15;sempet bangga ad aplikasi ny d sby trnyta lemot skli penggunaanx utk login aj ampun dech
positive;9,89E+14;gampang belanja
positive;8,55E+15;jooosssemakin update linknya
positive;9,99E+15;memudahkan penjualan umkm surabaya mantab
positive;9,98E+15;aplikasi inovasi mendukung peningkatan perekonomian surabaya memudahkan pembeli menemukan produk umkm tokel kebutuhan pribadi dgn harga yg terjangkau maju terusss surabaya mengembangkan inovasi terbaru yg membawa dampak positiff masyarakat
positive;9,97E+14;mudah berbelanja ribet terimakasih peken
positive;7,72E+15;maju kedepan
positive;9,98E+15;aplikasi cepat membantu
positive;9,99E+15;aplikasi terbaik sedunia
positive;9,97E+15;mantapppppp
positive;9,98E+15;membantu pertumbuhan ekonomi umkm surabaya mantap
positive;9,96E+15;sy bangga epeken iniguna memulihkan ekonomi warga kota surabaya
positive;9,99E+15;kemudahan belanja market place user friendly keluaran pemkot surabaya wani reekkk semoga kedepannya berkemban ojo lali rekkbelonjo nng peken suroboyo yo rekkk
positive;8,14E+15;bagus semoga fitur pengiriman ekspedisi bayar alfa indomaret bank jatim
positive;9,97E+15;inovasi bagus pemerintah kota surabaya meningkatkan ekonomi rakyat umkm semoga aplikasi peken berkembang arah saran integrasikan jasa pengiriman fleksibel variatif bertransaksi tambahkan promopromo menarik gratis ongkir potongan harga cashback poin mantap pemkot surabaya
positive;9,99E+15;membantu umkm
positive;9,98E+15;mantaab memudahkan belanjaaa tokel
positive;9,30E+15;aplikasi membantu pembelanjaan produk umkm mudah
positive;9,99E+15;efisien
positive;9,99E+15;aplikasi peken surabaya bagus barang murah murah
positive;9,97E+15;inovasi pemkot surabaya membantu penjual
positive;9,98E+15;peken kota sby membantu terima kasih
positive;9,64E+15;aplikasi mudah no ribet qris langsung masuk rekening prosesnya cepat
positive;9,94E+15;aplikasi epeken joss
positive;9,99E+15;aplikasin peken surabaya mantap membantu meningkatkan penjualan online
positive;9,99E+15;aplikasi peken emang mantap
positive;9,96E+15;berterima kasih aplikasi peken dimana membantu tokel meningkatkan pendapatan semoga aplikasi peken berkembang membantu umkm surabaya bertumbuh
positive;9,99E+15;membantu umkm lokal
positive;9,98E+15;jualan untungnya drpd ecommerce insyaallah laku alhamdulillah
positive;9,46E+15;epeken bs memajukan umkm sby klo ditambah pengiriman instans
positive;9,98E+15;peken mantab
positive;9,99E+15;aplikasi peken mantap
positive;9,81E+15;mohon ditingkatkan dikembangkan aplikasi inikarena umkm maju ditingkatkan dng dukungan aplikasi pemerintahumkm produk negeri maju
positive;9,97E+15;terimakasih aplikasi epeken aplikasi mempermudah umkm mengembangkan usahanyasukses slalu peken surabaya
positive;9,98E+14;membantu perekonomian toko kelontong mantabbb semoga berkah aminn
positive;9,99E+15;peken surabaya mantap
positive;5,42E+15;belanja aman rumah antiribet tanpaantri
positive;5,77E+15;aplikasi yg berjualan mantap
positive;9,99E+15;aplikasi peken mantab
positive;9,96E+15;membantu
positive;9,96E+15;aplikasi yg mengerti kebutuhan warga surabaya raya
positive;9,94E+15;semoga membantu umkm surabaya maju berkembang
positive;9,95E+15;terimakasih pemkot pengalaman berjualan ecommerce lokal surabaya semoga inovatif melayani warga terbaik warga kota surabaya
positive;9,98E+15;peken membantu mempermudah berbelanja
positive;9,99E+15;alhamdulillah membantu menjual produk umkm mantap
positive;9,78E+15;aplikasi e mudah
positive;9,96E+15;aplikasinya membatu umkm semoga ekonomi surabaya meningkat
positive;9,96E+15;mantap apps mobilenya mudah
positive;9,89E+15;inovativ banget apk meningkatakan penjualan pelaku ukm
positive;9,98E+15;alhamdulillah jualan produk aplikasi disediakan pemkot surabaya alhamdulillah pemasukan lancar terima kasih pemkot
positive;9,98E+15;membantu
positive;9,99E+14;fitur nya memudahkan
positive;9,99E+15;alhamdulillah semoga berkah amiin
positive;9,94E+15;mantab memudahkan penjualan umkm surabaya
positive;9,99E+15;alhamdulillah
positive;9,70E+15;membantu meningkatkan penjualan alhamdulillah terimakasih jajaran pemkot surabaya mohon dimaintenance webnya yg pesan e peken masuk pesanannyaminta tolong diupdate terimakasih
positive;9,98E+15;bangga jd warga surabaya salah satunya yg kebanggaan ku surabaya aplikasi epeken yg membantu pelaku usaha toko kelontong umkm yg d surabaya utk meningkatkan kesejahteraan masyarakat surabaya
positive;9,98E+15;aplikasi membantu masyarakat surabaya mengembangkan usahanya
positive;9,99E+15;dongkrak perkapita umkm mantap
positive;9,97E+15;aplikasi yg bagus umkm toko kelontong semoga ditingkatkan mendukung perekonomian surabaya
positive;9,99E+15;ekonomi kerakyatan
positive;7,73E+15;sippp
positive;9,92E+15;mantaaap bermanfaat sarana penjualan umkm tokel warga surabaya
positive;8,40E+15;bergabung bln februari sdh bikin akun verifikasi berhasil login pake aplikasi berharap melayani rekan pns dgn amanah mmbantu pelaku usaha spt terimakasih
positive;9,99E+14;bagus
positive;9,99E+15;aplikasi yg mantap membantu pekerjaan
positive;8,65E+15;niatnya pemberdayaan ekonomi warga tp nggak login fatal wkwkwk
positive;9,97E+15;mantap
positive;9,96E+15;membantu
positive;6,76E+15;warga surabaya bangga aplikasi mohon dipermudah loginnya aplikasi
positive;7,24E+15;aplikasi rintisan pemkot memudahkan penjual toko kelontong umkm surabaya memasarkan produknya bertransaksi semoga kedepan
positive;9,93E+15;mohon dibenahi diupgrade mendukung ecommerce milik kota surabaya
positive;9,99E+15;semangat
positive;9,99E+15;mantap
positive;9,99E+15;mantab
positive;9,99E+15;mantap membantu
positive;9,99E+15;nyaman
positive;7,23E+15;oke
positive;9,95E+15;kerja bagus tingkatkan bagus canggih
positive;9,84E+15;mudah dipahami
positive;9,99E+14;memudahkan terintegrasi
positive;9,96E+15;membantu
positive;9,99E+15;aplikasi benarbenar membantu meningkatkan produktivitas seharihari antarmukanya intuitif mudah fiturnya lengkap mengapresiasi respons pengembang cepat memperbarui aplikasi menangani bug performa stabil desain modern aplikasi layak bintang direkomendasikan mencari solusi praktis efisien terima kasih aplikasi
positive;9,93E+14;mantaaaffff
positive;9,98E+15;bagus
positive;9,98E+15;
positive;9,98E+15;bagus
positive;9,99E+15;aplikasi bagus
positive;9,99E+15;membantu pegawai top markotop
positive;9,98E+15;bagus
positive;9,98E+15;bagus
positive;9,99E+15;oke mantap
positive;9,91E+15;sesuai prosedur latian sabar yg nikmat
positive;9,99E+15;mantap
positive;7,23E+15;oke
positive;8,08E+14;pembaruan
positive;9,98E+15;puas
positive;7,58E+15;sinyal kadang error absen bagus kantorku
positive;9,98E+15;membantu karyawan
positive;9,79E+15;apik
positive;9,98E+15;bagus
positive;9,97E+15;josss
positive;9,90E+15;mambantu
positive;9,97E+15;smoga lancar
positive;9,99E+15;mantab
positive;9,99E+15;mantap
positive;9,98E+15;memudahkan absensi
positive;9,98E+15;aplikasi yg membantu utk abesen
positive;9,99E+15;good
positive;9,99E+15;aplikasi sangant berguna mantabs mempermudah absensi
positive;9,98E+15;aplikasi membantu
positive;9,95E+15;membantu absensi pegawai
positive;9,98E+15;keringanan pekerjaan pekerjaan rumah kantor seimbang mempermuah dlm pembagian
positive;9,99E+15;good
positive;9,98E+15;memudahkan membantu terima kasih eri walikota sby terbaiikk
positive;9,98E+15;bagus
positive;9,98E+15;berguna bermanfaat
positive;9,99E+15;good
positive;9,99E+15;mantap pokoknya
positive;9,96E+15;membantu
positive;9,98E+15;membantu kerja yidak terlambat
positive;9,99E+15;bermanfaat efisien
positive;9,99E+15;josss gandoss
positive;9,94E+15;teknologi canggih ramah lingkungan
positive;9,92E+15;efektif bertugas kantor
positive;9,99E+15;mantap maju
positive;9,96E+15;membantu
positive;9,99E+15;apk bagus sippppp
positive;9,98E+15;aplikasi membantu
positive;5,95E+15;wer
positive;9,98E+15;memuaskan
positive;9,96E+15;bermanfaat informasi yg bermanfaat utk kehidupan seharitetima kasih
positive;9,99E+15;puas
positive;9,99E+15;mantap
positive;9,99E+15;good
positive;9,98E+15;sapu jagat sngat
positive;9,26E+15;mantap wis semoga fitur nya ditambah vidio giotek krn sngt dibutuhkan dilapangan hem kepolo document vidio foto
positive;9,99E+15;mantap
positive;9,97E+15;bagus bermanfaat mempermudah sistem laporan kerja
positive;9,98E+15;bagus
