ulasan;truth_label;confidence
tidak bisa verifikasi akun lewat wa selalu eror ketika mau meminta kode verifikasi;negative;7,97E+15
Sangat membantu;positive;6,69E+15
ini gimana caranya kalau lupa sandi  email mau login via no tlp jg gk bisa daftar lgi  ktp  akun;neutral;9,67E+15
moga bisa menjembatani warga dengan pengurus atau perangkat;neutral;9,93E+13
min mau daftar koq nik sdh terdaftar bagaimana mengatasinya suwoon min;neutral;9,88E+15
aplikasi tidak bisa di kliktidak bisa di buka terutama yg ke poli umum puskesmas;negative;9,98E+15
cara login lagi gimana min utk pengguna lama yang otomatis terlogout karena update dan lupa pasword tidak bisa;neutral;9,75E+15
ank sy lulus d ingin lnjut d gk ada biaya ank sy llus coumpoud di pens its;neutral;9,98E+15
harusnya untuk aplikasi saat lupa password berdasarkan nik bukan email  username sebab nilai pembandingnya  nik untuk  akun dengan begitu bantuan lanjutan ke siola hanya saat pemilik nik kehilangan akses email  atau akses pada nomor hapenya;neutral;5,83E+14
jv jv ku l ny;neutral;9,94E+15
sy kasih b dulu soalny kemarin laporan aspal ambles depan toko yg mengakibatkan genangan air nyiprat sampai kedalam toko dan sehari kemudian dibenerin;neutral;9,60E+15
aplikasi g jelasblm pernah daftar tp keterangan nik sudah terpakai;negative;9,98E+15
disitus username nya bisa dibuat login pindah ke aplikasi ini buat login username akun tidak terdaftar permudah urusan rakyatnya warganya  jgn dipersulit warganya;neutral;9,97E+15
iki vivi sumanti ada mau;neutral;9,98E+15
assalamualaikum mau tanya akun saya lupa sandi ya untuk mengurus ya bagaimana ya bapakibu;neutral;9,94E+15
pada saat buka alplikask wargaku muter;negative;9,99E+15
untuk verifikasi no hp harus lewat brower dulu;neutral;9,99E+14
tidak bisa input pengajuan karena kamera tidak terdeteksi;negative;8,96E+15
aplikasi wajib bagi seluruh kota di indonesia;positive;9,90E+15
gabisa daftar akun gimana solusinya null terus;negative;6,54E+14
mempermudah urusan tanpa harus mondar mandir k kantor pelayanan publik;positive;6,01E+15
mantabb tanggapannya langsung direspon terima kasih pak wali erie cahyadi;positive;9,32E+15
cukup solutif karna sekali lapor urusan dengan kelurahan langsung ditangani;positive;5,05E+15
di xiaomi  android  mui  kamera tidak bisa dibuka;negative;8,79E+15
saya belum pernah daftar tapi koq ada pemberitahuan  nik  akun  padahal saya belum pernah daftar sama sekalian;negative;9,95E+15
username nya tolong di tampilkan dong mau masuk sswalfa di web lupa username  mau reset username juga gbisa;negative;9,98E+15
daftar akun e ae uwangel cak aplikasi opo iki cak;negative;9,98E+15
tolong usulan saya yg lewat aplikasi di tindak lanjuti karena selama ini saya belum pernah mendapat bansos dan pengajuan mulai  saya menulis pengaduan  dan belum terverifikasi dan belum ada survei ke rumah saya yang rsss dan berpenghasilan rendah tolong bapak walikota eri cahyadi saya mengucapkan terimakasih;neutral;9,29E+15
splash screen time out;negative;9,82E+15
mohon penyelesaian keluhan agar selesai dari kedua belah pihak agar keluhan sudah terselesaikan dengan baik atau tidak sesuai dengan laporan yang dinginkan;neutral;8,71E+15
belum ada komentar yang ada;neutral;8,57E+15
seharusnya aplikasi ini bisa jadi tempat pengaduan dan pengajuan bagi warga surabaya yg butuh bantuan;neutral;9,82E+15
aplikasi adminduk yang bisa diakses cm pemutakhiran gelar aneh;negative;9,98E+15
tidak ada pusat bantuannya sebelum login atau daftar maaf saya kasih bintang  karena saya ingin daftar namun no ktp saya sudah terpakai namun alamat email saya tidak tau tolong di kasih lupa pasword via nomer telponwa;negative;9,98E+15
ngga bisa isi kecamatan di menu pendaftaran catin sudah klik cari tp tetap saja;negative;9,99E+15
gak bisa di pakai mohon di perbaiki kalau mau sungguh;negative;9,82E+15
aplikasi masih perlu perbaikan total;negative;9,94E+15
tolong ditambahi fitur tanggapan balik setelah kita direspon oleh dinas terkait sehingga komunikasi bisa dibangun  arah  suwun;negative;9,97E+15
membangun kota mulai dari rt rw tingkat kelurahan dlm rangka mengendalikan banjir;positive;9,97E+15
gak bisa upload foto pdhalsudah aktifin kamera;negative;9,97E+15
utk keterangan warga miskin sebaiknya d ganti masyarakat berpenghasilan rendah seperti semula;neutral;9,98E+15
membuat akte kelahiran dan kk sayang setelah jadi tidak dapat diunduh;negative;9,77E+15
tolong pengaduan untuk petugas kebersihansampah kampung ditampilkan;negative;9,99E+15
pelayanan pengaduan respon cepat  ada yg lambat perlu ditingkatkan antar instansi untuk berkoordinasi terkait aduan masyarakat;neutral;9,98E+15
cukup membantu saat mau periksa ke puskesmas karena bisa ambil no antrian online jadi bisa hadir sesuai waktu yang di tentukan;positive;9,91E+15
tapi aplikasinya berubah tidak bisa masuk walaupun sudah isi user name dan pasword;negative;8,87E+15
dear pemkot surabaya tolong untuk apk ini di perluas lagi bukan hanya untuk warga lokalsurabayatetapi mampu mencakup warga luar kota yang tinggal di surabaya ataupun kontrak dan kost terima kasih;neutral;9,47E+15
parah lupa user name dan password tdk ada solusi bikin akun baru tdk bisa;negative;6,46E+15
knp kode odp ya gag bisa diisi padahal syarat ya pengaduan kode odp ya wajib diisi mhn bisa diperbaiki lagi;negative;9,97E+15
bpk walikota gubenure endih bantuane aku wargamu jok bidek ae;negative;8,21E+15
sangat membantu tetapi kode odp tidak bisa di isi padahal untuk mengupload data harus di isi mohon diperbaiki lagi;neutral;9,08E+15
kenapa dokumen yg sudah selesai tidak dapat di download;negative;6,22E+15
untuk cek status warga penerima mbr tdk berfungsi;negative;9,98E+15
sering mengalami susah unduh atau lihat dokumen mohon ditingkatkan kembali agar kendala tersebut segera teratasi nanti kalo sudah ada peningkatan akan update bintang terimakasih;negative;9,89E+15
bintang  dulu nunggu laporan ditidaklanjuti;negative;9,71E+15
daftar pake nik udah cukup karena data udah terekam di database ga perlu isi alamat lengkap;neutral;9,96E+15
saya tidak bisa masuk;negative;9,94E+15
tdk masuk data saya dan respon tidak ada;negative;7,19E+15
kenapa saat daftar akun baru kok muncul nik harus sesuai wilayah surabaya padahal nik ktp saya adalah xxxxxxxxxxapa yang keliru;negative;5,69E+15
lumayan komplit tapi saya kesulitan login berkalikali tertera password dan nama salah perbaiki lagi layanannya kalau lupa password bisa dikasih semacam kode otp via email;negative;9,33E+15
update versi terbaru malah menu pengaduan tidak bisa dibuka keterangannya memuat data loading terus;negative;9,99E+15
daftar ae g isok;negative;9,42E+15
malem ngajuin pengaduan paginya langsung di tindak bangga jd warga surabaya;positive;9,38E+15
saya kasih bintang  aja yasoalnya datanya tidak sesuai dgn yg di kelurahansetelah saya download data mbrnya berubah menjadi tidak terdaftar hi hi hihiiiipemkot pemkot;negative;5,33E+15
data mbr tdk sama dgn yg ada di kelurahan di aplikasi awalnya masuk dlm mbr setelah update sdh tidak masuk dlm mbr tp setelah dlakukan pengecekan kk dan nik di kelurahan sudah masih mbr mana yg benar;negative;8,17E+15
kenapa aplikasi e pemutakhiran data di aplikasi wargaku surabaya tidak bisa diaksesdilihat;negative;9,67E+15
aplikasi bagus untuk melaporkan fasilitas publik yang ada di surabaya;positive;5,07E+15
apik langsung d tanggapi;positive;9,68E+15
aplikasi ini membantu komunikasi warga dgn pemerintah;positive;9,43E+15
saya pernah usul blt koq dijawabnya selalu usulan diterima tapi nggak pernah dapat blt nya mohon bantuannya yang berwenang;negative;7,89E+15
jooss laporan warga wisma tirta agung asri langsung ditindaklanjuti;positive;9,98E+15
tidak bisa daftar  nomer nik selalu salah  padahal nomer nik sudah saya masukkan sesuai katepe;negative;9,37E+15
bintang  dulu udah setahun lebih gada kepastian dari apk ini buat bantu pengangguran;negative;9,19E+15
sementara bintang  dlmau coba download ulang krn kemarin tiba ga bs dpake antri online pkmpdhl sblmnya bsmoga skr bs stlh dwnld ulang ini;negative;9,93E+15
perbaiki segera saya mau komplain terkait sertifikat vaksin ke tapi tombol upload ktp dan tombol bukti vaksin tidak bisa ditekan terimakasih;negative;5,56E+15
login akun baru gabisa pak ery cahyadi gimana inimohon diperbaiki lagi;negative;9,60E+15
aplikasi opo iki daftar ae gak isok;negative;8,93E+15
okokbisa login ternyata pakterima kasih;positive;9,94E+15
tidak bisa mendaftar minta tolong utk pihak pemkot surabaya utk diperhatikan kembali agar digitalisasi modern sukses dan lancar utk warga surabaya terima kasih;negative;9,96E+15
saya daftar akun baru kok gk bisa ya;negative;6,21E+15
minta petujuk tentang kata amel atau kata kunci pasbor;neutral;9,99E+15
tolong dong kasih riwayat pencaharian saya habis daftar antrian di puskesmas secara online sudah keluar nomor antrian tapi lupa untuk screenshot dan download saya cari buat daftar riwayatnya tidak ada;neutral;9,81E+14
masih akan coba mendaftar puskesmas;neutral;9,99E+15
mohon penertiban bangunan di sepanjang jl ngagel dadi banyak bangunan yg mempersempit jalan terima kasih;neutral;9,16E+14
perjinan cepat diprosesasal persyaratan berkas lengkap;positive;9,44E+15
pengaduan sertifikat vaksin kok suwi eram tanggapane aplikasi opoooooo iki gedabrus;negative;9,98E+15
buat laporanusulan bansos tapi belum di verifikasi;neutral;9,96E+15
kepada bpk eri cahyadi walikota surabaya mohon bantuannya dalam mengurus surat sertifikat hak milik tanah saya saya terkendala oleh sikap ibu lurah balaskrumprik wiyung surabaya barat yang tidak mau memberi surat untuk pengurusan sertifikat tersebut atas perhatian saya ucapkan terima kasih;neutral;9,71E+15
sek angele ngelebokno nik ktp jare gak terdaftar lak aku g di akoni penduduk surabaya yowes tak pindah penduduk konoha;negative;9,48E+15
gak bisa di instal;negative;9,99E+15
udah ngisi nik tapi nik tidak terdeteksi nik surabaya ternyata lupa kalo saya warga negara kongo selatan;neutral;8,39E+15
kesini karena katanya bisa melakukan pengaduan perihal sertifikat vaksin yg blum muncul saya kasih bintang satu dulu klo di tanggapi keluhan saya dan sukses akan saya naikkan okey;neutral;8,83E+15
kalo bisa juga bisa utk mengirim video dan gambar dari obyek laporan;neutral;9,98E+14
mohon di kasih ganti kata password tolong di adakan saya ini mau ganti password tidak bisa gimana ini;negative;9,99E+15
bikin akun awal menggunakan nik warga surabaya malah tidak bisa dan di aplikasi tertulis nik tidak ditemukan silahkan mendaftar menggunakan akun dengan nik surabayatolong tindak lanjut nya;negative;9,98E+15
gak bisa daftar daftar selalu tulisan eror  lalu bagaimanakah solusinya;negative;8,39E+14
saya mau mendaftar tapi nik nya tdk terdaftar padahal saya warga surabaya gmn dong;negative;9,45E+15
apakah servernya erorr ya saya baru daftar tapi ndak bisa trs  mohon penjelasannya;negative;9,91E+15
saya kok tidak bisa unggas file ya pdhl sudah saya jadikan pdf file kk dan ktp bisa dibantu;negative;9,94E+15
gabisa login ud hub wa buat nanya klo gabisa login ud dksh username sama pswrdtetep aja ga bisa login tlg d bantu min mksh;negative;9,86E+14
aplikasinya gk bisa dibuka apa karena hari minggu ya;negative;9,01E+15
punya saya kok ketika masuk muncul tulisan mengecek pembaruan trs pdhal udh d update jg masih muncul trs g bisa masuk ke menu;negative;5,96E+15
kenapa daftar harus pake nik ya  takut lupa mohon utk dipermudah dong min cukup gmail  password saat mendaftar;neutral;9,99E+15
setuju untuk menginfokan kejadian dilapangan secara cepat dan tepat;positive;7,30E+15
respon cepat atas saran maupun masalah yang disampaikan;positive;5,34E+15
go;positive;9,85E+15
saya kug g bisa mendaftar ya;negative;9,89E+15
baru  minggu di install sdh mnt di update kalau g i update g bisa d buka aplikasi nya;negative;9,99E+15
lg d coba dulu;negative;9,93E+15
masalah data mbr pak mohon di perhatikan khususnya warga surabaya yang ngontrak;neutral;9,78E+15
cuman saran aja  kalo boleh ditampilkan semua keluhan masyarakat di depan beranda aplikasi  biar masyarakat juga tau apa keluhanya dan sosialisasinya  terimakasih;neutral;8,52E+14
apa bisa saya menanyakan prosedur kepengurusan surat pernyataan ahli waris untuk penutupanpengambilan uang di bank;neutral;9,99E+15
ini baru suroboyo;positive;9,85E+14
min apk ini hanya pengajuan dan laporan saja ta atau ada informasi lain mengenai sby baik dri sektor perekonomian pendidikan dll;neutral;9,82E+15
bersamaan cepat nya tanggapan via online semoga cepat juga tanggapannyatindak lanjut dalam proses di lapangan;positive;7,65E+15
maaf min caranya komen di aplikasi gmna  komentar di blsan gitu min;neutral;9,98E+15
coba sek minndelok perkembangane data pelapor dirahasiakan op gk min;neutral;9,65E+15
untuk syarat dan ketentuan ini dilihat dimanaga ada linknyakerahasiannya terjaga kan ya;neutral;9,97E+15
mantul kota suroboyo;positive;9,92E+15
min datane seng lapor aman ngak yo;neutral;9,99E+15
kelurahan benowo kok tidak ada;negative;5,17E+15
saya terpaksa batal mengisi data pilihan tahun lahir yang paling tua adalah  sedang saya lahir tahun  saya tak bisa mengisi dengan benar;negative;6,10E+15
help warga surabaya for trouble solving;positive;9,18E+15
star lihat sejauh mana manfaat nya;neutral;6,93E+15
sementara telu sek ya min;neutral;8,49E+15
bintang  disik min min tolong jawaben yo kirokiro aduan warga iki dirahasiakan dan dilindungi gak pelapornya;neutral;9,94E+15
wkwk tdk bisa registrasi salam programmer penggerak;negative;9,84E+15
baru coba instal ternyata banyak iklan bola u udah dicoba x tetap muncul dan ga bisa dibuka aplikasinya semoga bs cpt diatasi thx;negative;5,72E+15
aplikasi yang dapat memudahkan membeli barang di umkm lokal;positive;8,57E+15
admin epeken sby sy hanya usul dan saran utk harga yg tertera di epeken sedapat mngkin disamakan dg harga pasar dan jangan lebih mahal selisih harga  demikian terimakasih;neutral;9,53E+15
memudahkan penjualan umkm di surabaya;positive;5,83E+15
tidak bisa log in padahal sdh memasukkan user dan password dgn benarbagaimana ini masuk akunnya tidak ada pilihan menu pemulihan akun atau lupa passward jika memang password salah;negative;8,98E+15
epeken surabaya terima kasih sudah hadir dan memfasilitasi warga surabaya dalam berjualan tolong dibantu  masalahnya login tidak bisa usernamepasword salah terus dan mau ganti pinpasword juga tidak bisa;positive;9,64E+15
pak erik tolong disempurnakan aplikasi buat lebih mudah;neutral;9,96E+15
dapat meningkatkan perekonomian keluarga yang dijual bisa beragam mudah dalam penguppoad an produk yg akan dijual terima kasih admin kota surabaya wani;positive;7,89E+15
versi aplikasinya gak bisa login via web bisa mohon diperbaiki dulu aplikasinya;negative;9,99E+15
min kalo lupa password dan username nya bagaimana tolong di kasih opsi lupa passwordusername;neutral;9,97E+15
terimakasih e peken alhamdulillah setelah beberapa hari terakhir ini sempat maintenance sekarang sudah bisa di akses kembali;positive;7,16E+15
bikin akun dr laptop lancar instal apk ini dan login ulang gagal terusmohon solusinya;neutral;9,93E+15
awalnya tidak bisa di buka lalu saya uninstall kemudian saya pasang lagi ternyata tetap tidak bisa;negative;9,89E+15
setelah ada pembaruanalah tidak bisa dibuka forceclose terus min;negative;8,87E+15
gak bisa masuk username n password uda lupa;negative;9,98E+15
masukkan produk ke katalog suusah amir gk bs masukkan gambar produk secara langsung kudu ss apa lwt galeri gitu file g cukup terlalu besar duhkah;negative;7,48E+15
yo opo login e aplikasi ruwet;negative;9,98E+14
gk iso daftar;negative;9,99E+15
kenapa tidak bisa login aplikasihanya bisa lewat desktop;negative;9,95E+15
kenapa tidak loginsign in via aplikasi padahal sdh daftar dan verivikasi email mohon infonya;neutral;9,98E+15
untuk user name dan password dapatnya dari mana ya;neutral;9,98E+15
aplikasi ini apa hanya khusus pns saja ya sdh download tapi gak bisa daftar;neutral;9,49E+15
tidak bisa login padahal sdh verifikasi klu desktop bisa;negative;9,97E+15
sudah daftar dan sudah verifikasi sukses tetapi tidak bisa login lewat aplikasi selalu dijawab usser name dan password salah;negative;9,91E+15
tolong diperbaiki sudah daftar via google tapi di aplikasi ndak bisa login;negative;9,98E+15
perbaiki lah masa login di pc bisa di aplikasi gabisa;negative;9,96E+15
sementara  bintang karena tidak bisa login kalau pakai aplikasi;negative;9,90E+15
ewangono download rek seng asli suroboyo  masalah kendala tunggu update aja;neutral;9,99E+15
masuk dari web bisa login klo lewat aplikasi ini kok ga bisa yo min rewangono poo min;negative;9,96E+15
tidak bisa login diaplikasi hanya bisa login pada laptop mohon diperbaiki;negative;9,99E+15
membantu presensi pegawai;positive;9,97E+15
kenapa kalau ganti hp apdatenya sulit dan harus ke kantor pusat coba dipermudah apdatenya nik terdaftar dan passwod lama kan sudah cukup sebenarnya;negative;6,60E+15
gak bisa ganti device;negative;9,97E+15
punya saya sudah  hari ini tidak bisa di buka muncul tulisan   mengecek pembaruan   moohon bantuannya takutnya presentsi tidak terbaca terimakasih banyak;negative;9,63E+15
pdhl sdh di update tpi masih login trus pembaruan;negative;9,99E+15
perlu ditingkatkan lagi uiux terima kasih;negative;8,45E+15
bagaimana jika lupa username dan pasword;neutral;9,37E+15
kak mau tanya  ini kenapa ya app kantorku loading trus  gk bisa absen nihh  minta bantuanya;neutral;8,97E+14
min ini sdh  minggu apk kantorku tdk bisabagaimana agar bisa normal dipake kmbali yamohon penjelasannyatrima kasih;negative;9,72E+15
gimana caranya lupa password login sudah saya tulis no nik tetep gak bisa karena hp ristart;neutral;9,98E+15
gk bisa login;negative;9,98E+15
keren bisa absen anywhere;positive;9,85E+15
memudahkan untuk absen bagi yang dinas luar lapangan;positive;9,89E+15
status nya anda sudah memiliki device yg aktif saat ini padahal hp keseret tapi login kembali udh gabisa;negative;9,92E+15
efisiensi dalam jarak zwaktu;positive;5,44E+15
bagi yang lupa password bisa check di google acount kalian lewat chrome  kemanan  pengelola sandi  pilih kantorku  ada tanda mata semoga berhasil;neutral;9,97E+15
membantu disaat ad kendala dijalan;positive;9,57E+15
tidak bisa login setelah log outganti ke perangkat lain;negative;9,98E+15
kak mau tanya dong hp saya kn semalem d restart pabrik sama suami sedangkan saya lupa passwordnya cara mengetahui gimana kak kalau ga ad kantorku saya susah ga bisa absen kalau misalnya telat n aplikasi ini sangat membantu kami semua terimakasih;neutral;7,93E+15
min mau tanyak hp saya yg biasa saya gunakan untuk log kehadiran di apk ini kan sedang trabel ahirnya saya gunakan hp yang baru untuk login kenapa tidak bisa ya mohon bantuanya selebihnya apk ini oke sangat membantu;neutral;6,56E+15
mohon untuk ditambahkan fitur ketika pengguna lupa password hp rusak hp hilang dll;neutral;9,97E+15
device yang terdaftar hilang dicuri  bagaimana agar bisa login akun saya di perangkat yang baru;neutral;9,97E+15
kalau mau ganti ke hp yg lain kok gk bisa login yaa ada yang tau kenapa;neutral;9,35E+14
bagaimana cara pindah ke hp lain karena awal login pake hp lama tolong dibantu;neutral;9,87E+15
sip untuk kecepatan akurat kehadiran;positive;9,61E+15
kenapa berkas saya tidak bisa di cetak tidak ada halaman eror  padahall lagi butuh cepat;negative;9,79E+15
masih bingung;negative;9,99E+15
aplikasi terutama di layanan pengaduan sudah bagus tapi kadang mau buka sering ngebug semoga secepatnya tidak sering error;negative;9,54E+15
verifikasi nomer hp selalu tidak berhasil kenapa;negative;9,92E+15
aplikasi pemerintah tapi bikin orang makin pusing kalau semua urusan dibikin online ya benahi yg gak pas di aplikasinya;negative;9,99E+15
malah bikin repot aja mengurus surat belum menikah aja sulitnya minta ampun mengajukan di hp ga bisa di submit di akhir mengajukan di web browser pc stuck saat menyimpan data mending cukup pakai berkas offline aja kalau begini yang cukup pakai surat pengantar rt dan rw kalau sekarang udah pakai surat pengantar di minta online juga di infonya juga pas di kelurahan ngalahi  ngikut ngurus online sistem nya kopler ngebug  stuck;negative;9,99E+15
tolong perbaiki sistem nya  mau ngurus apa suka eror lelet gajelas;negative;9,99E+15
sering ngebuk gk jelas apk ruwet;negative;9,99E+15
kocak;negative;9,99E+15
aplikasi gak mendukung data ilang terus kadang error ngurus surat buat married aja ribet kali huft bukan memudahkan malah menyulitkan maaf ini realita bapak ibu sekalian;negative;9,99E+15
loading terus ga mari mari;negative;9,99E+15
mau verifikasi no hp aja sulit gimana mau ngurus surat online nya;negative;9,80E+15
aplikasi gak jelas;negative;9,99E+15
aplikasi pemerintah gak ada yang bener sudah berjuang matian memulihkan akun sudah berhasil ketemu dan masuk waktu verifikasi nomor hp berulang kali web error inisiatif wa manual untuk otp tapi balik ke menu halaman utama otomatis isi ulang otp lagi mohon cek kembali sepertinya coding aplikasinya ada yang salah;negative;9,62E+15
tidak membantu sama sekali bukannya mempermudah malah mempersulit padhal semua udah pas tpi selalu gagal ngapain ciptaiin apk gini klo ujung nya bikin mumet warga nya angellllllll;negative;9,99E+15
tidak bisa log;negative;9,75E+15
rouwet aplikasi gak malah gampangno malah uangel mosok verifikasi kok eror terus download bukti ekitir gk knek angel wez;negative;9,99E+15
banyak warga yang ururanya atau keperluan tertunda hanya mengurus surat yang hanya makan waktu  hari selesai malah berminggu minggu belum selesai karena susah masuk datanya;negative;9,99E+15
semua disuruh pakai aplikasi tapi aplikasinya aja gak jelas semua file yg harus di upload sudah benar format tapi tidak bisa ke upload dan sistem eror terus gimana si;negative;9,99E+15
jika adanya aplikasi untuk mempermudah ini kenapa makin mempersulit warganya;negative;9,96E+14
garaii ruwet;negative;9,99E+15
gatel cokinput data ga bisa apanya yg mudahkalo bisa dibikin ribet knp harus gampang;negative;9,99E+15
penipu kata nya dipermudah pakai apk ini tolong ditingkatin lagi ngomong disesuaikan orang jadi mls ngurus tf;negative;9,97E+15
mau ngurus perizinan catin sudah  hari masukan berkas input data kalo di klik ajukan permohonan tapi belum ada verifikasi berhasil nggaknya apasih maunya bukannya mempermudah malah mempersulit gini ini membuang waktu dan tenaga belum nanti bolak balik kua rt rw kelurahan deadline tgl nikah sudah dekat saya bingung min tolong dikasih solusim yang cepat gini ini makin kebingungan belum izin kerjanya bolak balik rt rw ngurus berkas ya allah;negative;9,98E+15
ribet banget sing ngurus surat nikah kebanyakan verifikasi apaan cobaa ini ga ada singkronisai nya sma sekali ini antara kelurahan rt rw  ribet gajelas puyeng di tambah lagi aplikasi sering bug eror mempersulit;negative;9,99E+15
proses upload file ke aplikasi selalu gagal piye iki;negative;9,96E+15
banyak eror nya daripada solusinya bukan mempermudah tapi malah mempersulit ruwet ruwet ruwet;negative;9,99E+15
aplikasi pencitraan belum siap uda dilaunching malah makin ribet bikin orang mondarmandir ke kelurahan jaman bu risma pasti sudah dipecat developernya;negative;9,99E+15
eror gk sesuai ekspektasi;negative;9,99E+15
keluhan dari tgl  hingga sekarang tdk ada tindak lanjut bosem pd hal milik pemkot dan banyak eceng gondoknya tapi giliran di kritik eh gak jelas statusnya diping x gak ada tanggapan nunggu viral dulu trs baru dilkerjakan atau ga ada uang rokok makanya malas respon;negative;1,00E+16
ribet udah diikuti alurnya yg ada sistem error sj trz;negative;9,98E+15
aplikasi ruwet g mempermudah malah mempersulit mw log in aja ribet bgt mw udh keluar mw masuk lagi susah bgt aplikasi opo se sakjane iki;negative;9,99E+15
lemot  susah akses d buka terlalu sering gangguan;negative;9,98E+15
ini pemkot gk ada perubahan pada aplikasi apa dana kurang atau pemkot tidak mau ada kemajuan;negative;9,98E+15
dengan adanya aplikasih asw malah pusing  ribet pada saat saya daftar ulang saya tulis user dan pasword saat konfirmasi jawabannya  user atau email tidak valid pasword salah padahal ya itu yg kita pakai sehinggah saya tidak bisa membuka aplikasi sayang warga hanya ribet dengan username email dan pasword tlng bhs yg disampaikan pada kita gak perlu berbelit belit kalau mbantu ya langsung ditunjukin;negative;9,98E+15
aplikasi yang bikin susah dan sulit orang yang mau menikahbanyak persyaratan nikah setelah aplikasi ini muncul;negative;9,81E+15
verifikasi jelek;negative;9,99E+15
aplikasi kok kesalahan sistem terus ini gimana;negative;9,99E+15
percuma makin ribet dan susah masa verifikasi nomor telpon aja selalu error;negative;9,99E+15
bukan memudahkan malah makin ribet kurang edukasi pada perangkat kelurahan dan rt rw sehingga penyampaiannya tidak tepat pada warga jadi kita di oper tolong di perbaiki lagi sistem input data tap file tidak bisa  malah dibilang hpnya gak mendukung aplikasi  pake pc juga gabisa buruk sekali pelayanannya;negative;9,99E+15
apk gk jelas ribet udh ikut zoom tapi belom keluar sertifikatnya;negative;9,99E+15
lemot aplikasi ne padahal wes gawe wifi;negative;9,99E+15
aplikasi gaguna cok laporan pungli ae gak onok respon hapusen ae po o aplikasine cok;negative;5,33E+15
birokrasi ribet di kira orang ga kerja ngurusin beginian sampai berminggu minggu kerja jauh di sumatera ngurusin ginian ngambil cuti  minggu ga cukup;negative;9,99E+15
selamat siangmohon bantuan kepada p walikota surabaya beserta dinas terkaitsaya sudah mengajukan pelebaran makam sejak tahun  sampai sekarang  hanya janji janji ajaorang hidup pasti mati tinggal tunggu jadwal aja maka dengan ini kami harus bertindak bagaimana sedangkan warga terus mendesak saya alasan makam wilayah saya sudah penuhsaya mengadu kemana lagi padahal sudah rapat di bpkad berserta dinas dinas terkaitdan sudah setuju semuatapi sampai sekarang zoonk;negative;9,99E+15
aplikasi eror gak jelas ngurus apa jadi ribet;negative;9,99E+15
aplikasi klampid dulu sebelum digabung jadi satu seperti sekarang ini bagus sangat membantu tapi sekarang utk verifikasi aja gagal terus kenapa ya;negative;9,98E+15
susah banget diaksesmw membantumempersulit sih ini birokrasi;negative;9,99E+15
aplikasi ruwet suka eror gak jelas mempersulit orang mau nikah;negative;9,99E+15
niat hati mengurus catin di suruh lewat aplikasi tapi aplikasinya kadang bisa di buka kadang enggak bener kecewa belum lagi kita harus bolakbalik ke rt rw kelurahan seharusnya pakai aplikasi membuat hidup jadi lebih mudah malah menguras waktu dan tenaga;negative;9,95E+15
aplikasi buat mengurus catin tapi aplikasi cuma loading doang gak selesai selasai kalo gak gitu server error aplikasi mohon diperbaiki jangan belum siap terus warga disuruh pakai;negative;9,99E+15
aplikasi telek pasword udh bener masih gagal terus dari kelurahan disuruh menggunankan aplikasi ini tapi tak bs digunakan mempersulit warga saja;negative;9,97E+15
lupa pasword susah relog in lagi;negative;9,96E+15
kebanyakan error sistemnya;negative;9,99E+15
ini kenapa slalu request time out teruss  gak bisa login;negative;9,94E+15
aplikasi apa ini gak bisa d akses juga tidak berguna  lebih gampang ngurus offline online tapi malah bikin nambah ribet;negative;9,98E+15
gak bisa dibuka buat request time out terus hadeh;negative;9,03E+15
yang bener aja dusuruh ngurus catin lewat aplikasi tapi aplikasi malah gak bisa dibuka sama sekali terus maunya bagaimana malah mempersulit pengurusan dan membuang banyak waktu tgl sudah dikerjar deadline tapi aplikasi masih bobrok banget apakah tidak ada perbaikan sama sekali  sedangkan berkas segalanya harus segera diberikan pada kua;negative;9,99E+15
error an mulu mana gbisa d buka pula apk gajelas;negative;9,99E+15
tolong di tingkat kan lagii apk nya buka apk nya aja gak bisa lohbuat apa terus kalo semua semua online tapi masih aja gak max apknya tolong pak eri gimana solusinya iniii;negative;9,90E+15
error terus gk berguna;negative;9,99E+15
server sering time out;negative;9,98E+15
surat ijin nikah susah banget jodoh jg gak tentu dpt y dr daerah mn  tuh d daerah lain urus surat nikah gampang d sini susah y mnt ampun;negative;9,99E+15
aplikasi tidak bisa terbuka percuma mending ngurus offline aja cepat;negative;9,25E+15
aplikasinya buruk susah banget di akses dan terlalu ribet untuk pengurusan surat surat lebih baik pakai cara manual aja lebih gampang dan cepat;negative;9,98E+15
masuk gagal terus ga bisa di buka kenapa ya;negative;9,49E+14
kalau ngasih itu sekalian tutorial ruwett e astagfirullah;negative;8,33E+15
dulu pernah daftar gampang kenapa sekarang daftarnya sangat sulit;negative;9,92E+15
minus pilihan pengurusannya di aplikasi kurang lengkap dan akses di pc juga gak bisa minimal bisa di akses di manapun hp maupun laptop banyak yang error terutama di perizinan klampid error untuk verifikasi nomer dan terlalu banyak permintaan perizinan jadi ribet;negative;9,98E+15
disuruh ngurus online katanya biar gampang tapi kenyataannya online malah ribet sering error sama sekali tidak berguna yang error sistemnya tapi yang disuruh refresh malah browsernya kocak;negative;9,99E+15
ribet;negative;9,99E+15
buruk banyak bug menyusahkan;negative;9,99E+15
sumpah ini mempersulit sswalfa tidak bisa dibuka kalo di logout ujungnya email sm password gabisa masuk lg karena dibilang salah padahal tidak pernah ganti email dan password;negative;9,98E+15
tambah ga karuan pusing ngurus domisili tambah ruwet ga koyo biyen;negative;9,98E+15
aplikasinya sering eror sudah daftar terus email  pasword nya bener malah engga bisa buat login mohon pemerintah di perhatikan lagi atau di perbarui lagi aplikasinya supaya lebih mudah untuk menggunakan aplikasi wargaku surabaya;negative;7,48E+15
sangat ribet apalagi untuk pasangan yang salah satunya dari luar kota;negative;9,78E+15
sangat membangu;negative;9,99E+15
tambah gak jelas gausah aneh poo;negative;9,93E+14
gajelas;negative;9,89E+15
ya jujur ajah semakin kesini semakin aneh program dari pemerintah programnya aneh ribet buangbuang waktu lagian buat aoa class catin diadakan  fungsinya buat apa  manfaatnya apa  tidak bermanfaat sama sekali toh yang di bimbing adalah hal yang biasa yang semua orang jelas sudah tau apa hal yang dilakukan sebelum dan sesudah menikah juju ajah aku kecewa sih dengan program dari pak eri cahyadi ini mohon ditiadakan atau di tindak lanjuti programnya kasihan yang luar kota ribet sertifikatn;negative;9,99E+15
jangan ribet dibikin online malah nyimpen data aja gak bisa tulisan dalam antrian malah makin molor waktu kalau ngurus heran perbaiki;negative;9,99E+15
makin ribet pakai aplikasi mau nikah malah sulit mending hapus aja;negative;9,99E+15
mau urus keperluan nikah ribet banget padahal sama sama domisili;negative;9,99E+15
tujuannya betul mempermudah tapi beneran kita belum siap situs ga diperbarui sejak  sering error aplikasi masih sangat banyak kekurangan untuk sekelas aplikasi pemerintahan dan tidak userfriendly saran saya mending balik lagi ke metode lama daripada buat orang makin bingung bukan malah kebantu;negative;9,99E+15
aplikasi bobrok pelayanan di kelurahan juga sama bobrok nya petugas pakai nada tinggi bentak;negative;9,99E+14
mau buat perizinan nikah bukan tambah mudah malah makin ribet;negative;9,57E+15
mau verifikasi nomor hp kok susah amat website nya selalu gagal;negative;9,99E+15
daftar baru pun gagal terus;negative;9,98E+15
ingat kita negara yg korup segala sesuatu dibuat susah klo mau cepat gak ribet ada calo nya sampai disini paham kan masak ga paham;negative;9,99E+15
setelah pembaruan ini semakin gak jelas ambil nomor antrian di puskesmas gak bisa di cek uda terdaftar apa blom gak bisa di cancel jg gk bisa tau uda terdaftar di puskesmas pihak puskesmas marah katanya daftar tp gak datang pdhl itu gk tau uda terdaftar apa blom mau di cancel gak bisa krn gk bisa di cek akhirnya di blokir bpjsnya yg salah aplikasi ini ya ibu penjaga puskesmas aplikasi rusak masih lebih baik yg dulu yg blum di update ke versi baru;negative;9,99E+15
banyak bug dan setiap tanggal merah server dimatikan;negative;9,95E+15
aplikasi payah bukan mempermudah malah bikin ruwet login gk bisa;negative;9,99E+15
gabisa daftar akun banyak bug jauh dari sempurna;negative;9,98E+14
aturan sampah;negative;9,99E+15
ok;positive;9,98E+14
sangat sangat menyulitkan aplikasi sering error;negative;9,99E+15
saya mengajukan keluhan tapi tdk ada tanggapannya gimana nih apakah aplikasi ini ada gunanya;negative;8,01E+15
saya kecewa dengan sistem pemerintah yg memperibet kita akte lahir sy nama ortu nya salah saya ingin membenarkan kesalahan nama tsb tapi sulit sekali di kelurahan sy sudah bolak balik ke kelurahan di pengadilan negeri sy ditolak karena kemungkinan dikabulkan nya kecil;negative;9,99E+15
gabisa login padahal udah bener mau bikin akun aja ribet malah mempersulit masyarakat;negative;9,99E+15
aplikasi gk layak gk siap gk bisa simpan data minus pool;negative;9,98E+15
mau nikah malah di persulitt;negative;9,98E+15
aplikasinya kok malah nggak jelas gini sih setelah diperbarui menu nya jadi sedikit;negative;9,99E+15
aplikasi tai relog mulu bangke;negative;9,96E+15
aplikasi ruwet;negative;9,96E+15
aplikasi yang belum siap edar dan kasiahan warga surabaya yang punya niat baik engkau persulitkan;negative;5,11E+15
surabaya ruwet mau ngurus ini itu harus pake apk segala apk gk layak di rilis juga mau ngurus surat nikah aj ribet mending offline hpus aj ini peraturan serba apk nya bikin susah yg mo nikah sudah ikut zoom tpi waktu ngisi ssw gk terdaftar calon catin ahh bikin emosi aj ruwettt polll surabayakuu bikin susah warga yg mau nikah aj  ruwetttt ruweettt poullll surabayakuuu;negative;9,99E+15
pengaduan jalan raya berlubang segera ditindaklanjuti dengan cepat mantaaaab;negative;8,57E+14
update nya susah alias tidak lancar;negative;9,99E+14
mau nikah aja ribet aplikasi nya sering trobel dan buang buang waktu cuma harus selsai ngisi ssw baru bisa lanjut ke tahap berikutnya payah;negative;9,98E+15
aplikasinya jelek bgt mau nikah aja susah kirim data pasangan ke aplikasi sering keluar sendiri aplikasinya benar ga jelas bgt menyusahkan orang yang niat mau nikah;negative;9,99E+15
ribet amat;negative;9,99E+15
aplikasi gagal salah sedikit bukannya bisa mungulang dari yg di tmpat salah malah harus mulai awai seperti baru upload foto sering error mending hapus aja kalo kek gini ngenakin petugasnya cuma duduk ngopi gajian;negative;9,99E+15
aplikasi tdk bisa masuk pdhl username dan password udah benar bikin susah orang saja;negative;9,92E+15
by aplikasi ku kira lebih mudah gak taunya kerja x aplikasi gak layak rilis;negative;9,79E+15
pak eri cahyadi saya minta tolong hapus saya aplikasi ini sangat mempersulit warga untuk memproses apapun itu;negative;9,92E+15
enakan ngurus offline lebih jelas dan terarah menggunakan aplikasi ini membuat saya semakin sulit mengurus pernikahan terlalu ribet caranya banyak menu yang tidak jelas kegunaan nya sswalfa tidak bisa di click selalu request time out saran saya di hapus saja aplikasi ini kembali mode offline saja kecewa;negative;9,98E+15
aplikasi bobrok mempersulit pernikahan gk ada penyuluhan sistem juga masih cacat ngurus pindah nikah aja sesulit ini bangke;negative;9,99E+15
lebih mudah yg klampid new generation sebelumnya ini agak ribet kadang bisa kadang gak bisa log in harus pindah dari pc dulu baru bisa log in via hp trus kenapa dokumen yg selesai diproses ga bisa diunduh lewat hp ya error terus pas coba buka via pc laptop baru bisa diunduh jadi bingung;negative;9,94E+15
jujur capek saya ngurus data harus gini aplikasi belum layak rilis kayak gini dipaksa harus ngurus online tpi bug dimana mulai dari foto gk bisa masuk email yg tidak masuk sampek data yg sudah diisi hilang dan harus nulis lagi dari awal untuk pak eri cahyadi sebagai walikota surabaya harusnya bisa lah buat aplikasi itu di uji dulu bugnya di perbaiki jgn aplikasi masih beta di rilis gtu aja merugikan warga pak;negative;9,99E+15
aplikasi terburuk dan ga jelas yang pernah saya download minta verifikasi via wa aja error terus sedangkan menu lain ga bisa diklik klo belum verifikasi via wa hadehh ganti aja orang it nya ga becus kerja itu;negative;9,99E+15
apk gak jelas iki tolong seng gawe apk matengno sek ojok angger mbok rilis syarat wajib kudu ngisi ngenean tapi apk e gk siap blas;negative;9,99E+15
aplikasi taek cok nyusahno wong ae gak kyk jamane bu risma sembarang kalir ngurus gampang;negative;9,99E+15
apa ini verifikasi wa eror teruss ga pernah di maintenance kah ini aplikasinya;negative;9,97E+15
aplikasi gajelas;negative;9,99E+15
sangat tidak membantu saya nge cek status mbr anak sy saja susah tidak ada menu cek mbr nya;negative;9,97E+14
aplikasi nge bug saya ngga bisa login terus pas mau cetak berkas tidak bisa mending langsung ke web dari pada aplikasinya;negative;9,87E+15
aplikasi ga jelas masa sudah daftar terus coba login ga email tidak terdaftar waktu daftar lagi nik sudah terpakai  x;negative;9,57E+15
saya suka dengan respon opd terkait hari ini laporan besoknya sudah ditindaklanjuti tapi sy sgt meyayangkan aplikasinya yg setiap hari selalu ngebug aplikasi tidak bisa dibuka kalau error sesekali sih bisa dimaklumi lah ini setiap hari dan setiap waktu e sy jadi kesulitan melihat perkembangan keluhan yg sy laporkan;negative;9,98E+15
bisa ga sih pemerintah bikin aplikasi yg bener malah menyusahkan;negative;9,99E+15
ini kenapa kok banyak bug  eror padahal sinyal juga bagus gk ada lag di hp tapi pas mau cetak berkas kok gk bisa download sama sekali terlalu ini mah;negative;9,99E+15
menyusahkan upload foto harus  mb mesti harus di resize dulu sangat ribet;negative;9,98E+15
aplikasi error ae  bener no aplikasi mu;negative;9,93E+15
mending ditutup aja apk nya;negative;8,02E+15
tidak bisa daftar knp ya apakah hp saya tidak tidak layak buat apk ini;negative;5,69E+15
disuruh verifikasi no tlfn tetapi apknya error trs tolong segera di perbaiki;negative;9,27E+15
aplikasi sampah gak guna tapi sebagai warga sby dipaksa pakai  ini bikin aplikasi keliatan sekali gak dipikirin flow nya habis isi data tidak bisa lihat data yang di isi isi data pun harus mengulang isi nik percuma komplainpengaduan juga ya gak bakal didengerin lebih baik di komen saja disini ya hahaha;negative;9,99E+15
sungguh sistem lemot;negative;9,99E+12
menyusahkan banyak sekali bug seperti tombol tidak bisa dipencet dsb;negative;9,99E+15
aplikasi verifikasi nomer hp error tidak bisa mulai dari ulasan dibawah saya tolong diperbaiki;negative;5,85E+15
aplikasi gabisa buat verifikasi no hp aja error tolong diperbaiki;negative;7,97E+15
mau upload data ae uangellek gawe aplikasi seng jelasngisini wong suroboyo ae rek;negative;9,70E+15
aplikasi taekk nggarai darah tinggi;negative;9,57E+15
jelek banget mau bikin surat aja di bikin ribet padahal kalau berbasis online mah di bikin gampang ini enggak harus lapor sana sini dulu terus apa gunanya aplikasi ini;negative;9,99E+15
ruwet;negative;8,55E+15
mau coba ngurus kartu kia diminta verifikasi nomer hp lewat wa dulu sudah dilakukan sesuai yg diminta yg ada server error error kok yo suwe temen hampir  bln hadeh bukan mempermudah malah memper sulit ngene iki;negative;9,98E+15
ngelag parah sih;negative;9,99E+15
foto selfi  belakang tak bs knpsemakin lama semakin sulit untuk menu kependudukan;negative;5,03E+15
mau ngisi data tp server error terus dari pagi smpe malam tlg diperbaiki lgi ayoo yg katanya mempermudah masyarakat tolong dibuktikan;negative;9,82E+15
bikin ruwet masa kakek di suruh buat email di aplikasi;negative;5,02E+15
bikin surat pengantarr ajaaaa susahhh banget  malahh nguras banyak waktuu padahal udah bolakbalik daftar tapi di server gk muncul  padahal pas ngesave dataa sudah sukses gitu katanya mempermudahhh nyatanya mempersulit warganyaaaaaa;negative;9,99E+15
mohon maaf namun saya harus berkata jujur bahwa aplikasi ini sangat menyusahkan;negative;8,86E+15
menyulitkan sekali apk ini;negative;9,99E+15
di aplikasi wargaku kok tidak ada menu sayang warga;negative;9,28E+15
pas udah ngisi tibalog out sedangkan saya belum dapat kode untuk pengecekan permohonan yang sedang berlangsung serasa makin dibuat ribet bukanya peraturan baru makin enak lancar malah makin ribet;negative;9,92E+14
ini lg eror apa gmn;negative;9,98E+15
kembalikan aturan seperti biasa aja g usah pakai aplikasi kalo ngurus surat malah bikin ribet n sdh gtue trouble padahal data sdh d input k rtrw n setelah d kelurahan data belom ada yang masuk ribet amat n bikin capek d jalan warga dsuruh bolak balek k rtrw cwman minta verifikasi padahal sdh d verifikasi n setelah d kelurahan data belom masuk;negative;9,97E+15
komplain pengurusan di ssw lama d suruh kesini kok makin lama makin ribet di surabaya aneh;negative;9,99E+15
kenapa mau daftar saja susah ada hal tinggal nomor tellp saja masih error;negative;9,97E+15
aplikasi jelek banget upload foto gak bisa trs ke kelurahan langsung minta manual gak usah pakai aplikasi gak bisa trs solusinya apa;negative;9,99E+15
abis update kok logout sendiri dan ga bs masuk padahal password sdh benar dan user name bener tp tetep salah pake email juga ga bs;negative;9,26E+15
logout dari aplikasi ketika mau login tidak bisa  email salah password salah padahal udah bener yg di input gilirah mau lupa password malah ga bisa email salah terus ga jelas bener ini aplikasi;negative;9,97E+15
pengurusan ruwet verifikasi data aja harus bolak balik  terlalu ribet  ruwet;negative;9,99E+15
aplikasi rumit log in lama gak bisa digunakan;negative;9,99E+15
x coba register tp error loading data terus;negative;9,97E+15
respon menanggapi nya sangat lama  payah;negative;9,99E+15
email udah bener password udah bener tp ditolak terus;negative;9,43E+15
akun saya tiba tiba gak muncul sswalfa nya terus tiba tiba lupa password pak;negative;7,01E+14
bolak balik upload foto gak bisa pdahal foto cmn  mb dan sesuai app max mb aneh;negative;9,99E+15
bagus aplikasi ini ada masalah langsung direspon masalahku  mau bikin laporan lgi soalnya tanaman liar dibelakang rumah sdh tumbuh lagi;positive;9,75E+15
aplikasi yang hanya membantu masyarakat menengah keatas bukan menengah kebawah  yng jawab jg pemkot satpol pp bukan asli dari bawahan bapak erik;negative;9,79E+15
gk ada gunanya ni buang buang paketan aja  jelek;negative;9,99E+15
maaf saya edit ulasan saya karna apk tiba logout sendiri kemudian saya masuk lagi tidak bisa berbagai cara udah saya lakukan tp hasilnya nihil padahal akun sama email dan pasword jg benar tolong diperbaiki;negative;9,54E+15
aplikasi yg gx berfaedah;negative;6,76E+14
selama orang berkuasa tidak ada rasa sosial semua permasalahan tidak pernah ada selesai suatu permasalahan;negative;9,98E+15
ngisi data aja harus sampe sepuluh kali karna keluar terus dibenerin dong ga mempermudah kalau gini;negative;9,99E+15
baru juga download baru sehari udah mnta update;negative;8,17E+15
makasih banyak pak keluhan saya langsung di tanggapi temen kalau ada keluhan sabar ya klu gak di respon laporan lagi saya x laporan langsung datang pasukan pemkot;positive;5,80E+15
sangat menyulitkan orang;negative;9,99E+15
pelapor itu privasinya dilindungi bukan di umbar  yang terancam dan jadi salah malah pelapor;negative;9,99E+15
apk tidak berguna;negative;9,99E+15
angel;negative;9,98E+15
apa gunanya aplikasi ini kalo disuruh dikomunikasikan dg kelurahan;negative;8,74E+15
masih blom detail;negative;9,46E+15
administrasi kependudukan isinya cuma pemutahiran gelar pak erik hapus aja aplikasi ini gak gunabuang buang anggaranaja;negative;9,95E+15
ribet;negative;9,99E+15
mau halal aja dipersulit ya haha;negative;9,98E+15
app blm maksimal bukan mempermudah malah memperuwet;negative;9,98E+15
apk yang tidak membantu sama sekali bahkan dalam segala prosesnyamengikuti kelas selama jam dr awal sampai akhirmengisi absensipresenttest dan posttest katanya cukup isi sekali saja giliran nunggu sertifikatnya gg keluar ke kelurahan disuruh tanya puspagatanya puspaga dijwb disuruh komunikasihkan ke kelurahan  hahaha jaman semakin maju buat segala sesuatu yang simplepraktismudah dan cepat kalo ada bintang  saya kasih dah untuk segala rasa kekecewaan saya;negative;9,01E+14
membuat orang yg mau menikah semakin susah;negative;9,80E+15
mohon diperhatikan lagi aplikasinya dan coba dicek lagi aplikasinya saat penelusuran isi formnya lama nyimpanya dan pilihan untuk prov kel kecdll gak ada pilihannya di form knpa harus serba online kalo apl kayak gini apalagi apl smua berkas ksini skrg gak bisa lewat pusat kel atau kec wilayah atau d bantu sama ptugasnya mohon untuk di telusuri lagi;negative;9,93E+15
parah apk nya lupa username nya ajja pas mau masuk ke sswalfa ajja gk ada cara lain lagi padahal mau ngecek sertifikat catin yg bukan asli surabaya aja gini ribet;negative;9,99E+15
belom pernah pake aplikasi ini tapi tdk bisa masuk;negative;7,46E+15
aplikasi eror  nyusahin calon pengantin ruwet;negative;9,99E+15
habis update malah gagal login terus;negative;9,99E+15
respon dari beberapa pihak fast respon cuma jeleknya dari apk ini pelapor untuk identitas nya tidak dirahasiakan dan malah nama dan nomer telpon di publikasikan;negative;9,98E+15
eror trus setelah berkas lengkap bingung sama apk ini;negative;9,99E+15
verifikasi pengantar nikah aja lama rt rw gk sigap;negative;9,97E+15
aplikasi ga jelas belum pernah daftar tp ada keterangan nik hanya bisa dipakai kali mengakses lupa pasword keterangannya email belum terdaftar ga jelas sama sekali;negative;9,38E+15
cetak ulang ektp dan data pengganti ektpekitirnya tidak dapat diundusampai satu bulanstatus sudah selasai dan dikirim dikelurahantapi dikelurahan tidak ada dirw juga tidak adaaplikasi parah ini;negative;7,11E+15
gak bisa upload foto jadinya gak bisa laporangimana sich;negative;9,48E+15
yg bikin aplikasi di cek dulu sebelum rilis gak sih aplikasi gak bisa dipakai kok sudah di rilis mau pilih file foto gak bisa gak keluar file explore nya buruk sekali aplikasi nya tidak berguna;negative;9,99E+15
upload foto keluhan max mb padahal foto yg di apload uk hanya  mb masih tidak bisa meskipun sdh di coba format pdf atau jpg mohon diperbaiki lagi;negative;7,51E+15
hatihati kalau mau melaporkan sesuatu di sini ternyata tidak bisa menjaga privasi tujuan melapor untuk kebaikan namun ternyata menjadi perselisihan lebih besar karena keegoisan ketua rtrwnya;negative;9,99E+15
tolong dong update untuk simpan file secara otomatis masa habis ngisi pas keluar malah ngisi dari awal lagi;negative;8,85E+15
tiap hari kok suruh update trs;negative;9,95E+15
padahal izin media sudah tapi tetep ga bisa fototerus ekitir nya ga bisa di download;negative;9,66E+14
siip;positive;8,95E+15
tolong di bantu sharetindak pt pnm mekar ini cabang wonokromo yg bralamatkan jln bratang gede iiie no  krn sdh melanggar yg mempekerjakan rata cewek semua jam kerja ngawur masuk jam  pulang jam sdh tidak manusiawi dan semena menapimpinannya itu apa tidak punya hati hanya memikirkan target namun tdk memikirkan keselamatan dan kesehatan karyawannya apakah mereka tidak punya ibu semena mena memulangkan karyawannya sperti itu;negative;9,99E+15
kenapa data mbr saya tidak terdaftar lagiparahnya lagi yg punya rumah lolos jadi data mbrsaya yg ikut menumpang orang tua tidak lolos paraaaahdan yg lolos stikernya di tutup sama kertas katanya malu di lihat orangdapat uangnya tapi gak mau stiker warga miskin paraaaah paraaaah;negative;9,99E+15
buka yg dispendukcapilehhh kelamaan ngentri data nik dll di captcha saya bukan robot cepat hilangdisuruh ulang lagiulang terus;negative;9,96E+15
lapornya disini aja blanko ktp dari taun kapan masih tetep habis padahal butuh banget memperbarui ektp yg baru trus masih lagi asn guru diperbanyak kerjaannya sudah muridnya pulang jam  masih ditambah kerjaan gurunya datang di hati sabtu utk mengajar di kecamatan tanpa uang transport uang makan dan lemburan seharusnya itu tidak boleh karena melanggar aturan jam kerja asn guru sudah pas jam masih ditambahin lagi diluar jam kerja;negative;9,99E+15
okelah;positive;9,99E+15
ok;positive;9,98E+14
tidak ada tanggapan lebih lanjut lama utk prosesnya;negative;9,99E+15
ok;positive;9,98E+14
aplikasinya berbelit belit;negative;9,99E+15
aplikasi ga gunastatus selesai kenyataan sama aja;negative;9,80E+15
ok;positive;9,98E+14
bagus sih tp disayangkan kalo bukan warga surabaya gak bisa daftar meskipun kerja dan kos di surabaya kalo memang ingin gak tercampur data orang surabaya dan non surabaya mungkin bisa dibuat fitur pendaftaran non surabaya juga;negative;9,29E+15
percuma lapor pengaduan  masalah belum selesai tidak ada solusi tiba sesi tanggapan disudahi gaji anda dari uang rakyat sudah kewajiban melayani masyarakat dengan tulus  bukan cuma kerjanya absen pulang terima gaji;negative;9,97E+15
birokrasi aja masalah ngga ada jalan keluar masalah sudah teratasi ndasmu sempal;negative;9,99E+15
aplikasi absurd dan jg sop penggunaan domain surabaya tdk dibenarkan krn banyak yg mengakui posting info dr surabaya tp tdk menggunakan domain surabayagoid dan jg satu data krg bergerak karena walau satu pemkot minta integrasi ruwet mohon diperbaiki karena itu memalukan sebagai skom kalo alasan tabel permintaan ya mohon maaf tingkat analisa anda patut diragukan coba koreksi para koordinator di pemkot yg semenang menganggap remeh tenaga kontrak saya berani tunjukkan bahwa saya layak jd prakom;negative;9,96E+15
ok;positive;9,98E+14
lama lama pemkot surabaya kurang respon sekarang;negative;9,99E+15
siiip;positive;9,79E+15
prank;negative;9,92E+15
ok;positive;9,98E+14
register dari  hari selalu gagaltidak ada solusi;negative;9,93E+15
asu susah tenan masuke jane niat bantu warga sby topo niar gwe ngelu;negative;9,71E+15
kok saya gak bisa daftar;negative;7,74E+15
susah banget mau daftar akundari kemarin gak bisa trus;negative;9,98E+15
aplikasi apa ini daftar mulai jam  pagi sampai jam  mlm tetep ndak bisa;negative;6,77E+15
maaf ini saat mendaftar simpan datanya ko gagal terus yaatime out;negative;9,96E+15
daftar gagal mulu;negative;9,99E+15
gaguna daftarnya sangat menyusahkan sudah isi lengkap tapi time out teruss;negative;9,99E+15
hanya utk warganya bukan utk masyarakat indonesia yg ada atau tinggal di kota tersebut;negative;9,92E+15
yang salah apk nya atau data nya awal download terdaftar mbr stlah update malah tidak terdaftar untuk pengembang serta instansi yg terkait dalam aplikasi ini ayok di perbaiki pasti anggaran juga tidak sedikit dan lagi karena daftar nya pake nik harusnya data sudah terintegrasi dengan semua data sesuai nik jadi ketika masuk ke menu lain tidak perlu daftar lagi memasukan nik dan lain ayoo semangat jangan hambur hamburkan anggaran demi kepentingan pribadi atau golongan surabaya hebat;negative;9,91E+15
mantull;positive;9,98E+15
ini baru surabaya;positive;4,45E+16
belum;negative;8,07E+15
okelah;positive;9,99E+15
berat di ponsel saya;negative;9,71E+15
kenapa kalo sudah membuat laporan kok hanya memuat data  loading aja kok ga ada menu tampilan ke laporan yang sudah di buat;negative;8,86E+15
ok;positive;9,98E+14
utk laporan pertama lansung d respon tpi utk laporan yg ke dua blum juga ada respon sedikit kecewa kurang tanggap;negative;9,98E+15
ini gmn sih saya baru download aplikasi ini mau daftar kok gagal katanya nik sdh terdaftar padahal sebelumnya blm pernah daftar padahal baru kali ini download aplikasinya dan mau daftar lha kok tulisannya begitu kn aneh;negative;9,96E+15
percuma dengan aplikasi kalau masih dilarikan ke web dan hasilnya sama saja wkwkwk adaada saja pemkotku;negative;9,96E+14
pendaftaran akunnya jangan pake info pribadi yg detail dong pak jadi penghalang untuk daftar itu karena untuk melaporkan sesuatu itu kadang lebih aman anonim;negative;9,32E+15
error ga bisa melaporkan;negative;9,98E+15
memang aplikasi ini sekarang udah di setting agar warga surabaya yang membuat laporan dipersulit agar bobroknya tidak ketahuan atasan;negative;9,90E+15
kerja bagus;positive;5,45E+15
terkadang eror susah di akses gagal saat mengirim laporan;negative;9,93E+15
sulit masuknya tak uninstall aja;negative;8,52E+15
baru coba ko;negative;9,73E+15
ok;positive;9,98E+14
aplikasi error tidak bisa dibuka saat sedang dibutuhkan;negative;9,89E+15
kecewa karena warga non surabaya juga tidak bisa meluangkan aspirasinya;negative;9,96E+15
mau daftar online puskesmas atau rumah sakit lewat hp selalu muncul server eror terus giliran lewat laptop bisa tolong donk ini knp bisa kyk gtu lewat google juga sama muncul tulisan server eror;negative;6,27E+15
belum coba;negative;9,97E+15
laporan saya malah disuruh komunikasi dg kelurahan percuma aplikasi klo gini;negative;9,99E+15
aplikasi error  sudah daftar tapi tidak berfungsi buang saja aplikasi ini  biar tidak menjadi bahan untuk penggunaan yg melanggar hukum;negative;9,92E+15
tiap kali instal aplikasi ini selalu tidak berhasil tidak bisa;negative;9,96E+15
aduan saya masih belum diproses;negative;8,36E+15
aplikasi yang hebat baru lapor lngsung di telpon dan di marahi dan di maki sama opd daerah saya;negative;9,98E+15
ini kenapa ya saya baru mau daftar kok akun sudah terdaftar jadinya masa yang daftarin kader rt soalnya dulu katanya mau di daftarin ke apk tapi gtau apk apa apa emang melalui rt aneh bgt;negative;9,95E+15
aplikasi nya lumayan respon cpt bngt koq tp klau eror hrs perlu di coba lg lagi dn lagi nanti bs buat pak eri tlng buat warga yg berktp sby tp kerja nya di luar sby apa bs dftr mbr;negative;5,32E+15
ok;positive;9,98E+14
aplikasi n website sayang warga surabaya belum sepenuhnya ready udah diluncurkan bikin beban ibu kader kesehatan yg isi form sampe bengi krn kesulitan akses sak suroboyo ngakses;negative;8,77E+15
aneh bin gak masuk akal baru mau daftar dan belum pernah daftar sama sekali di aplikasi ini lha kok muncul tulisan tidak bisa mendaftar dengan  akun dan login yang sama lha aku kan lagek kate daftar kok malah onok tulisan koyok ngono iku seh cak akhire yo aku gak isok daftar iki yok opo iki cak;negative;9,99E+15
gagal lagi gimana caranya;negative;9,99E+15
tidak bisa daftar untuk daftar saja susah padahal data yang saya masukkan sudah benar sepertinya aplikasi ini belum siap mohon di perbaiki lagi aplikasi ini terimakasih;negative;9,49E+15
daftar gagal trus padahal kk dan nik surabaya diulang terus why;negative;9,84E+15
respon cepat namun kenyataan di lapangan sangat berbeda  mohon di benahi yg di lapangan;negative;9,91E+15
gimana sih untuk respon dari aplikasinya masih belum siap aplikasi udah launching tapi kok belum siap digunakan daftar aja tidak bisa kendalanya ada aja makanya untuk di selesaikan dulu masalah yang ada di aplikasi sebelum launching;negative;9,98E+15
terlalu banyak aplikasi dan semua itu tidak berfungsi aktif;negative;9,98E+15
membagongkan;negative;9,99E+15
masih bingung;negative;9,99E+15
pemilihan lokasi ribet dan kurang responsif loading peta juga lama;negative;9,96E+15
mau laporan vaksin aplikasi tdk bisa upload foto tp disuruh upload fotogimana nih maksudnya aplikasi bodoh dipiara aja nih;negative;9,97E+15
knp pindah datang udah gak ada pindah dalam kota pun juga gak ada;negative;7,26E+15
applikasi ga ada guna mana hak sebagai warga surabaya malah di bikin ribet;negative;9,98E+15
ok;positive;9,98E+14
saya melaporkam tentang gotsaluran air karena gak ada salurannya jadi air tertampung jadi  klo musim hujan begini banjir pak erii tolong segera ditinjausaya sudah menyampaikan lewat aplikasi wargaku sudah  bulan masih ditindak lanjuti aja;negative;9,52E+15
diulanglagi sip;negative;9,12E+15
awal aplikasi ini bagus banget  saya lapor ditanggapin  eh skrg saya udh nulis pengaduan tiba history pengaduan saya hilang padahal aduan saya masih dalam proses ditindaklanjuti begitu saya cek lagi ktnya error dan history pengaduan saya hilang akhirnya saya uninstall begitu login tidak bisa login pdhl username dan password suda benar bagaimana ini solusinya saya jadi ga tau hasil laporan saya ke wargaku sudah diatasi atau blm tolong di perbaiki;negative;9,96E+15
nomor aduan  di tlp di reject terus mau menyampaikan keluhan susah sekali;negative;9,98E+14
dulu lapor langsung di tanggepin besoknya lgsg di kerjakan skrg boro di kerjakan lah di tanggepin aja enggak buat apa aplikasi ini di sediakan jika hanya awal saja gercep skrg lambat;negative;9,99E+15
kirim aduan sudah nulis panjang ehh kok malah gagal terus benahi dulu donk aplikasi belum maksimal dalam pengoperasiannya;negative;9,99E+15
tidak bisa digunakan mau daftar error terus;negative;9,95E+15
ok;positive;9,98E+14
aplikasi tidak berguna sampah  komplain jg tdk ditindaklanjuti percuma diinstall buang kuota;negative;9,99E+14
percuma mengirim aduan di apk ini ngk akan menyelesaian permasalahan yg ada di kampung saya;negative;9,31E+15
respon saya terkait serifikat vaksin  yg belum keluar tidak dapat tanggapan apa gunanya aplikasi ini sy asli surabaya padahal tp merasa di persulit;negative;9,98E+15
keluhan warga bisa cepat ditanggapi;positive;7,30E+15
membantu sekali;positive;8,78E+15
ok;positive;9,98E+14
sedih banget ketika registrasi malah nik tidak di temukan padahal saya ktp surabaya mohon tanggapannya;negative;9,96E+15
saya coba berkali utk daftar tapi selalu errorbelum bisa digunakan;negative;9,87E+15
saya daftar selalu error  ada juga pemberitahuan lain beberapa kali coba nik tidak terdaftar padahal di kk sudah ada terdaftarada ktp nya ini sudah sebulan lalu sampai sekarang msih error;negative;9,12E+14
aplikasi mantap ini laporan diselesaikan ngga sampe jam;positive;9,64E+15
belum nyoba;negative;9,95E+14
aplikasi gk bisa mengirim keluan saya kemana lagi untuk mengadu;negative;9,99E+15
laporan memang langsung di respon tapi ada beberapa dinas yang kurang berani menegakkan aturan alhasil tetap terjadi pelanggaran;negative;9,89E+15
lebih ditingkatkan lagi;negative;9,79E+15
baguspihak lapangan kurang penindakan;negative;6,64E+15
gak ada solusinya pelayanan masih buruk;negative;9,99E+15
setelah update terbaru ada bug nya setelah memilih opd tombol selanjutnya hilang padahal sebelum update bs mungkin bs diperbaiki lagithx;negative;5,65E+15
aplikasi di buka kok malah error;negative;9,99E+15
susah sinyal gampang eror aplikasi;negative;9,99E+14
buat akun gagal trs aplikasi opo iki hadecch crruuttt;negative;9,84E+15
bagus sangat membantu warga surabaya cm sya mau tnya knp ya stlh sya logout tdk bs msk lgi pdhl email sm passwordx sdh benar bagaimana ya cara mskx lgi;negative;6,01E+15
biasa saja;negative;9,93E+15
lambat;negative;9,03E+15
ntapss;positive;9,95E+15
lingkungan jl bukitbarisan sangat jorok dan kotor;negative;9,99E+15
penting tp mudah an dibaca pimp nany bukan staff e;negative;9,15E+15
bagus lebih gampang kalau ada kelu kesah warga surabaya khususnya;positive;6,58E+15
tiga bintang dulu karena saya mengadu dari tanggal  april sampai sekarang belum ada tanggapan;negative;9,80E+15
kenapa usia pengguna aplikasi ini dibatasi hanya sampai tahun kelahiran  keatas;negative;8,45E+15
ok;positive;9,98E+14
saya mengadu soal bansos kok ndak ada tanggapan  kenapa ya emang berapa hari diproses;negative;9,88E+15
apakah boleh melaporkan sesuatu misalnya jalan berlobang di wilayah surabaya tapi bukan di wilayah domisili kita karena misalnya saja kita pernah jadi korban akibat jalan berlobang tersebut terima kasih;negative;6,89E+15
sek tak coba min mugi ae manfaat;negative;7,92E+15
ok;positive;9,98E+14
munyer terus;negative;9,98E+15
cak ri sok mben lek wes gak onk corona ngopi ayo koyok disek;negative;8,94E+15
ok;positive;9,98E+14
sangat memghargai tujuan dari pemkot surabaya tapi tolong aplikasi ini belum siap dan sering error dan nge blank kenapa dipaksakan segera digunakan keluhan hanya dari aplikasi yg errorsudah melakukan pembayaran bukti juga ada tapi di aplikasi tetap belum terbayar dan hubungi pengaduan di aplikasi juga tidak bisauntung penjual mau kembalikan uang yg masuk klo tidak mau apa gak nyusahin klo uang hilang;negative;9,98E+15
permisi mohon maaf sebelumnya untuk pihak pengelola aplikasi pemeliharaan aplikasi ini bagaimana kok aplikasi tidak bisa masuk udah hampir  bulan uang ibu saya jadinya ga cair ini tolong pihak pengelola aplikasi segera di benahkan dong kalau gabisa ngeoperasikan aplikasi gini ganti yang bisa aja nada sopan terima kasih;negative;9,39E+15
aplikasi gak jelas harusnya kalau belum punya akun bisa daftar dulu ini malah gak bisa daftar;negative;9,96E+15
kenapa setiap transaksi pembayaran lama sekali masuknyapembeli sudah membayar lunas melalui qris secara sistematis harusnya ganti status dikemas tetapi kenapa tetap menunggu pembayaran sampai saya sering merasa panik karena dihubungi pembeli teruskok gak dikemas kemasmohon penjelasannyaagar tidak ada kesan aplikasi tidak layak pakai;negative;9,98E+15
harganya lbh mahal drpd alfaindomt trs nmbh ongkir trs penjualnya jg songong berasa asn yg butuh jd semena sy bangga sbnrnya dg apk ini tp apakah sdh ditelusuri para pemilik umum rata org yg kaya jdnya yg kaya tmbh kaya ngantar brg yg sy pesan pake mobil bahkn sy aja gak pny mobil knp gak penjual yg di pasar itu dimotivasi spy bs dftr pedagang epeken trs yg dmksd pemkot ini mensejahterakan yg mn;negative;5,62E+14
dari segi interface masih belum membantu kami mohon di perbaiki lagi dari segi pengalaman pengguna saya masih kesulitan dalam mencari apa yg saya mksud dalam beberapa aspek salah satunya dari pengelompokkan di bagian buttom bar;negative;6,78E+15
aplikasi ribet;negative;9,98E+15
sulit digunakan;negative;9,99E+15
ra iso di buka wes daftar nang online malah iso weee bintang  ae;negative;9,82E+15
ok bagus;positive;9,30E+15
kenapa aplikasi sering error hr ini aja mulai dr pagi sampai sore ini masih trouble secara apa orderan yg harus di approve minta tolong segera di sempurnakan aplikasi nya;negative;9,93E+15
sering error aplikasinyasekarang malah tetiba logout sendiri dan waktu login lagi malah ga bisa;negative;9,98E+15
tidak membantu sama sekali;negative;9,99E+15
oklah;positive;9,94E+15
kenapa aplikasinya per hari ini  januari  ga bisa dibuka ya;negative;9,46E+15
kok sering eror sudah transfer tp sttsnya blm bayar;negative;9,58E+15
ga bisa login gagal terus;negative;9,41E+15
aplikasi sampah login aja gabisa ga berguna;negative;9,99E+15
gak bisa daftar gak niat yg bikin aplikasinya gak bisa login kurang profesional suruh coba aja ditest banyak bug nya;negative;9,99E+15
harga lebih mahal dari diluarbisa selisih rbrb harga tdk masuk akal;negative;9,31E+15
aplikasinya belum siap dipaksakan tidak bisa log in jlimet mau ngisi data saja susah;negative;9,99E+15
banyak yang comment negatif dan positif nya mungkin bisa di bantu untuk team developer nya memakai email perusahaan bukan email pribadigmail;negative;9,38E+15
kesuwen;negative;7,30E+15
ini cara daftar gimana ya mas kok gk ada;negative;8,10E+15
ga bisa masuk login jelek;negative;9,99E+15
aplikasi rusak;negative;9,99E+15
tolong dong aplikasinya diperbaiki lagi masa login pakek email gak bisa harus username harusnya ada dua opsi username sama email gak semua orang langsung inget usernamenya buat aplikasinya juga gitu masa gak ada opsi lupa sandi adanya lupa sandi dibuka dari browser iya kalo yang make anak muda kalo orang tua apa gak pada bingung lebih enak pakai olshop lain tolong diperbaiki ya kak soalnya aplikasinya udah bagus masa aplikasinya secupu ini;negative;9,90E+15
susah masuk makasih;negative;9,96E+15
kenapa username dan paswort gak bisa lagi;negative;9,49E+15
masih jauh dari harapan harap segera di update perlunya tiap produk ada jumlah stok dan biaya pengiriman bisa di tambahkan permudah untuk penghapusan produk atau ketidaksediaan barang  seringkali sudah terjual gak bisa di hapus dan dipesan orang lain lagi dan penjual kesulitan mengidentifikasi yg mana sih yg di pesan ukuran berapa fotonya gak bisa di zoom dan tak ada tombol yg mengarah ke produk dimaksud;negative;9,95E+15
aplikasih belum siap tapi sudah dipaksa menggunakan menyusahakan pns belanja saja terkesan kena palak diharuskan jt belanja di epeken namun masuk aplikasi saja tidak bisa pdhl sudah reset password kebutuhan setiap kluarga beda beda ada yg harus mengirit utk melunasi tanggungan lain harganya pun tidak lebih murah dari toko offline tapi lebih ribet apalagi utk pns yg sudah tidak muda tidak belanja  sanksi;negative;9,95E+15
asli parah aplikasi iki wes mbayar padahal  malah ga di akui  ribet  ruwet kudune nek jualan online iku mempeudah transaksi jual beliiki malah ruwet telitien apikasimu  aplikasi iki digawe iku nggawe duek e rakyat;negative;9,99E+15
saya bingung min untuk cara jadi penjual di aplikasi peken ini;negative;9,54E+15
bangga tapi ya kudu guyu aplikasi gk siap di pekso beroprasi gk mending beli langsung ae ta ke tokonya gk pakai aplikasian dilihat harganya murah beli langsung ke toko dripada lewat aplikasi ini wkwkwk kasian juga toko kecil yg gk ada kesempatan bisa akses punya toko di aplikasi ini toko besar tambah besar toko kecil gk berkembang  dilihat aja apa ada tujuan lain oknum mengambil keuntungan dri pembuatan aplikasi gk sempurnah ini;negative;9,98E+15
penjualnya kebanyakan jutek respon penjual lelet  lemot;negative;9,99E+15
kenapa belum bisa digunakan sama masyarakat umum;negative;9,72E+15
logine yoknopo min sementara tak bintang telu;negative;6,99E+15
tidak bisa log in belum di list menurut itemnya masing tambahkan fitur codbayar di tempat pemkot sebagai pihak ke  permudah sistem tidak semua orang biasa berbelanja online foto produk kurang detail produk kurang jelas;negative;5,92E+15
gak bisa logib;negative;9,97E+14
awal liat iklan tertarikmau belanjatapi mau logim gk bisagmn cara belanjanyamohon diperbaiki lagi;negative;9,98E+15
saya warga surabaya bangga ada aplikasi untuk umkm tapi banyak kendala dalam akses via aplikasi  daftar cuma bisa via web  login aplikasi susah saya coba baca user guide agak ribet kalau sudah pesan dll sebelum dilaunching lebih baik diuji terlebih dahulu semoga ada peningkatan;negative;9,00E+15
gak jelas bikin aplikasinya;negative;9,97E+15
tidak bisa login harus via browser seller tidak responsif;negative;9,74E+15
rurang respon;negative;9,99E+15
sangat mengecewakan login saja tidak bisa bagaimana mau belanja;negative;9,99E+15
apk sering log out sendiri untuk masuk aplikasi sekarang susah;negative;9,98E+15
ok;positive;9,98E+14
kok malah gk bsa;negative;9,97E+15
sangat tidak bagus sering log outharus login terus yg versi baru;negative;9,99E+15
kau bikin aplikasi pake sistem kaya gimana anjir aplikasi kehapus data atau tidak sengaja uninstall tapi data login masih kekunci dihp emang enggak memikirkan kondisi hp pengguna apabila rusak begitu kalau bisa jangan mempersulit pengguna yang pake aplikasi enggak hanya anak muda aja tapi masih ada orang paling tua dan gaptek;negative;9,99E+15
data log in terblokircra bukanya gimana;negative;9,77E+15
sangat membantu tapi kenapa tibw gk bisa dibuka apl nya;negative;9,88E+15
sering error;negative;9,68E+15
terlalu banyak trouble bos susah masuk makin ruwet;negative;9,99E+15
kadang eror;negative;9,97E+15
sering trobel gak bisa akurat selalu loding aja;negative;9,86E+15
aplikasi srg error;negative;9,97E+15
gak usah update deh kalau bkin ribet terus klo update aplikasi manapun selalu gk ribet ini tiap update mau login aja susah;negative;9,60E+15
untuk ios kok tidak tersedia ya;negative;9,65E+15
kenapa aplikasi kantorku tidak bisa digunakanmuncul tulisan mengecek pembaharuan solusi bagaimana ini;negative;6,90E+15
saya buka aplikasi di hp baru kenapa gk bisa ya min padahal di hp lama sudah keluar dan udh di hapus apl tetep gk bisa masuk mohon bantuannya aplikasi ini sangat berguna;negative;5,71E+15
min mau tanya kenapa di hp saya aplikasi ini gak bisa di bukak yhaa min;negative;5,62E+15
eror;negative;9,97E+15
kok gak bisa login padahal passwordnya tu benar tapi kok tulisannya salah;negative;5,94E+15
ok;positive;9,98E+14
kok gak bisa di gunakan ya sekarang;negative;9,70E+15
ngelag;negative;9,99E+15
ini punya ku sering error;negative;9,53E+15
trobel;negative;9,10E+15
ngak nambah pinter malah digobloki bosok paling muter terusss;negative;9,99E+15
kenapa aplikasi ya loading terus;negative;9,99E+15
bolakbalik eror;negative;9,98E+15
kadang masih sering eror tidak keluar absennya;negative;9,57E+15
jos;positive;9,16E+15
gak bisa sesuai buat yg shif kerja malam;negative;7,49E+15
josss aplikasinya tetap sperti ini saja di pertahankan;positive;9,95E+15
bagaimana cara merubah lagi password nya;negative;6,59E+15
ok;positive;9,98E+14
ok mantaap;positive;9,95E+15
aplikasi ga penting boros baterai boros paket data;negative;9,97E+15
ok sip;positive;6,04E+15
app banyak kurang nya sering error;negative;9,98E+15
aplikasinya jelek;negative;9,99E+15
sering error  merusak hp;negative;9,99E+15
ok bangaet;positive;9,97E+15
ok;positive;9,98E+14
it e kurang sip;negative;9,99E+15
boros koata;negative;9,93E+15
sering eror;negative;9,86E+15
seng penting kapan bayaran balek umr pak;negative;8,67E+15
kebanyakan update sering error;negative;9,99E+15
mantul;positive;8,06E+15
gercep bangett pelayanan nya ada masalah jalanan rusak langsung di perbaiki keren ini aplikasi;positive;8,62E+15
bagus;positive;9,99E+15
mantappsangat mengapresiasi adanya aplikasi wargaku sangat memudahkan kita sebagai pengurus kampung untuk koordinasi dengan dinas terkait kepentingan warga;positive;9,98E+15
ok mantap;positive;9,43E+15
aplikasi simpel layanan bagus semoga kedepannya tetap konsisten saran saya semoga kedepannya rtrw kelurahan di edukasi dalam sistem ini agar lebih responsif;positive;9,96E+15
dengan aplikasi ini wargaku surabaya sangat membantu keluhan warganya dan cpt tertidaklanjuti olek pemkot surabayaterima kepada pemkot surabaya dan wali kota surabaya pak erik cahyadi respon cpt;positive;9,94E+15
banyak membantu;positive;9,99E+14
mantaaap;positive;9,77E+15
terimakasih;positive;9,95E+15
aplikasi opo ikiruwet bgt;negative;9,97E+15
mantab;positive;9,99E+15
diancuk sipp;positive;6,78E+15
baik;positive;9,98E+15
bagus aplikasinya;positive;9,99E+15
good job;positive;9,99E+15
amat sangat responsif dalam penanganan keluhan masyarakatsip lanjutkan pengabdian pada masyarakat agar lebih baik lagiabaikan pembenci pemkot yg gak jelas itu;positive;9,54E+15
mantap;positive;9,99E+15
mantab;positive;9,99E+15
sangat membantu sekali;positive;9,98E+15
simpel;positive;9,98E+15
assalamualaikum surabaya hebat terimakasih buat pak walikota yang sudah memberikan perhatian kepada warganya  dari hal pelayanan dipermudah baik secara online maupun offline  aplikasi sudah oke  salam matur nuwun mewakili dari warga rw  rt  kelurahan keputran kecamatan tegalsari bravo surabaya hebat;positive;9,97E+15
sangat cocok bermanfaat;positive;9,98E+15
sangat membantu warga surabaya untuk mengetahui informasi yang ada dipemkot surabaya;positive;8,51E+14
bagus;positive;9,98E+15
semoga semakin baik lagi;positive;9,96E+15
respon cepat;positive;9,96E+15
mempermudah laporan;positive;9,98E+15
bagus;positive;9,98E+15
good;positive;9,99E+15
aplikasi ini sangat bermanfaat hendaknya warga surabaya dapat mempergunakannya dengan baik saya sangat berterima kasih atas respon cepat setelah pengisian aplikasi ini selesai dijalankan;positive;9,95E+14
sangat membantu untuk masyarakat kecil apa lagi untuk ketua rt yang melakukan kesenjangan sosial bagi warganya;positive;9,65E+15
alhamdulillah cukup terbantu dengan aplikasi ini sehingga keluhan saya tentang pelayanan masyarakat lebih cepat direspon pemkot surabaya;positive;9,97E+15
ruwet cak sumpah;negative;7,38E+15
baik dan sangat membantu saya yang tinggal di kecamatan dan kelurahan dukuh pakis pernah menyampaikan keluhan dan langsung ditanggapi dengan baik ramah serta ditindak lanjuti dengan cepat salam sehat selalu untuk camat dan lurah yang menjabat saat ini  maturnuwun nggeh;positive;9,94E+15
aplikasi terbaik buat warga surabaya;positive;9,98E+15
oke;positive;7,23E+15
model nya keren saya suka;positive;9,99E+15
sangat membantu;positive;9,96E+15
bermanfaat bangat bagi saya yg warga surabay;positive;9,98E+15
lebih cepat;positive;9,82E+15
cocok;positive;9,80E+15
alhamdulillah dengan adanya apk ini bisa membantu masyarakatdan untuk prosesnya cepat di waktu jam kerjasemoga bermanfaat untuk kedepannya;positive;9,99E+15
sangat membantu skali mantab kita gak usah pergi langsung ke rumah sakit;positive;9,95E+15
sangat membantu terimakasih;positive;9,98E+15
kembalikan jaman bu risma cepat tanggap;positive;9,25E+15
baik;positive;9,98E+15
sangat bermanfaat dan cukup membantu untuk layanan warga suroboyo;positive;9,93E+15
bagus aplikasinya dan fast rerspon;positive;9,98E+15
saya senang dan bangga menjadi warga surabaya yg sempat memiliki pemimpin yg ikhlas dan bersedia memikirkan dan memperjuangkan agar warganya bisa menikmati hidup dengan baik diperjuangkannya pembangunan infra struktur masyarakat dengan baik memberi suritauladan bagi masyarakat untuk memiliki moral membangun kotanya berempati dan menolong warga fakir miskin yg membutuhkan suport untuk hidup memikirkan generasi bangsa akan datang terima kasih pemimpinku semoga bahagia dunia akheratamin;positive;9,99E+14
bagus;positive;9,98E+15
sangat membantu;positive;9,96E+15
bagus;positive;9,98E+15
bagus;positive;9,98E+15
apk mantap;positive;9,99E+15
oke;positive;7,23E+15
aplikasi untuk warga surabaya yg membantu;positive;9,93E+14
baik pelayanannya cepat;positive;9,99E+15
saya merasa terbantu atas adanya aplikasi wargaku ini team operasionalnya sangat tanggap membantu menjelaskan secara detail keluhan saya terimakasih banyak from rizanurfauzia;positive;9,97E+15
mantap untuk laporan kerja;positive;9,99E+15
sangat membantu dalam pelayanan masyarakat surabaya;positive;9,99E+14
sangat memuaskan;positive;9,98E+15
sangatlah bagus sekali;positive;9,93E+15
good;positive;9,99E+15
mantap;positive;9,99E+15
mempermudah dlm berobat;positive;9,97E+14
mantap;positive;9,99E+15
mantap aplikasi ini sangat berguna sekali aplikasi yg sangat bagus dari pemerintah kota surabaya respon cepat dan mantap sekali;positive;9,99E+15
kami warga surabaya sangat terbantu dg aplikasi ini mengingat cepatnya respon dari opd terkait juga bpk walikota surabaya semoga aplikasi ini bisa di contoh juga kota kota yg lain bravo walikota surabaya;positive;9,49E+15
semoga bermanfaat buat warga surabaya;positive;9,98E+15
good;positive;9,99E+15
suroboyo joss;positive;9,99E+15
sangat membantu semoga makin bagus kedepannya;positive;9,97E+15
baguss;positive;9,98E+15
mantap;positive;9,99E+15
sangat membantu sekali;positive;9,98E+15
terimakasih atas aplikasi ini saya sangat terbantu dengan aplikasi ini pengaduan saya cepat di tanggapi trima kasih pak eri;positive;9,96E+15
bagus bisa membantu warga;positive;9,98E+15
sangat membantu khususnya warga surabaya;positive;9,99E+15
sangat membantu bagi saya warga surabaya;positive;9,99E+15
good;positive;9,99E+15
sangat membantu trimakasih banyak;positive;9,99E+15
oke;positive;7,23E+15
baik;positive;9,98E+15
luwih praktis luwih nyaman;positive;9,99E+14
mantap pokoknya;positive;9,99E+15
sangat membantu;positive;9,96E+15
okbagus;positive;9,08E+15
luar biasa maturnuwun;positive;9,97E+15
bagus;positive;9,98E+15
sangat puas atas pelayanan pada warganya;positive;9,98E+15
baik dan cukup membantu bagi warga kota surabaya;positive;9,94E+14
ini sangat bgs dan lbh ditingkatkan kembali dan terutama saran maupun usul;positive;9,87E+15
keren;positive;9,99E+15
sangat membantu respon cepat masalah jadi cepat teratasi;positive;9,99E+15
pelayanan puskesmas dk kupang sangat memuaskan;positive;9,99E+15
sangat bermanfaat;positive;9,99E+15
selalu menjadinsolusincepat;positive;9,97E+15
aplikasi ini sangat membantu bagi masyarakatwarga kota surabaya;positive;9,99E+15
mantap;positive;9,99E+15
mantap;positive;9,99E+15
super keren;positive;9,98E+15
sangat membantu;positive;9,96E+15
sangat membantu pada masyarakat;positive;9,99E+15
sangat membantu;positive;9,96E+15
bagus sbg btk kepedulian thdp keluhan warga sby;positive;9,82E+15
good application;positive;9,99E+15
sangat membantu untuk warga kota surabaya;positive;9,97E+15
bagus aplikasi ini buat warga surabaya cm responnya masih lambat kalau bs respon lebih cepet max  jam lah da di respon soalnya kadang hari berikutnya baru d respon;positive;9,07E+15
mempermudah masyarakat menyampaikan keluhan langsung ke dinas terkait mantab sulabaya kotaku walikota cerdas santun dan merakyat;positive;9,95E+15
cepat tanggap dalam hal pelayanan publik;positive;8,80E+14
mantap;positive;9,99E+15
good perfect;positive;9,97E+15
respon lumayan cepat;positive;9,92E+14
semoga bermanfaat;positive;9,99E+15
tanggapan yang baik;positive;9,86E+15
saya senang bisa gabung;positive;9,99E+15
sangat mudah  memuaskan;positive;9,99E+15
dengan adanya wargaku surabaya semua masalah kota surabaya bisa terselesaikan;positive;9,46E+14
tetap menyala;positive;7,46E+15
semakin dekat dgn warga surabaya info nya;positive;9,92E+15
bagus kok;positive;9,97E+15
smoga amanah;positive;9,97E+15
cepat dan akurat;positive;9,98E+15
sangat membantu sekali karena satu aplikasi bs buat banyak keperluan;positive;9,95E+15
banyak membantu muantaf;positive;9,93E+15
bagus infonya;positive;9,99E+15
lancar;positive;9,98E+15
kapitalis;negative;8,20E+15
alhamdulillah langsung dapat respon;positive;9,98E+15
sangat bermanfaat buat semua warga surabaya terimakash;positive;9,99E+15
sangat membantu  menghidupkan;positive;9,96E+15
semoga tetap lancar wargaku surabaya;positive;9,68E+15
fast respon mantap pokoke;positive;9,96E+15
mantab lanjutkan surabaya;positive;8,13E+15
sangat membantu dalam proses pelayanan;positive;9,96E+15
terima kasih sangat membantu bikin kia uda jadibikin akte lahir nunggu cetak sangat membantu daftar online ke puskesmas juga ok;positive;9,91E+15
mantap;positive;9,99E+15
aplikasi mya bagus sangat membantu sekali menunya juga beragam semkga kedepannya tambah lengkap lagi;positive;9,98E+15
puas;positive;9,99E+15
sangat bagus dan membantu banget dalam menjalankan tugas;positive;9,95E+15
mantap update terus ada pembaruan;positive;9,87E+14
riwet tahapan nya;negative;9,39E+14
respon cepat petugas yang dilapangan ramah tanpa ribet tanpa pungli maju terus surabaya ku sukses dan sehat selalu seluruh dinas terkait dan sukses sehat selalu cak eri;positive;9,97E+15
piye to mind wes kadong di download bareng arep nyimpen kok malah erortolong mind sistemnya di tingkatkan demi warga surabayamatur nuwun;negative;8,68E+14
baik;positive;9,99E+15
aplikasi belum siap di gunakan sudah di launching masa daftar untuk login saja error terus padahal mau ambil nomor antrean puskesmas tidak seperti aplikasi ehealth yang cepat dan ringan sak karepmu pak sak senengseneng mu;negative;5,19E+15
baik;positive;9,99E+15
apik;positive;9,79E+15
aplikasi sangat bagusnamun saat login kami selalu gagalapa penyebabnya;positive;8,60E+15
surabaya maju kota ku bahagia warganya nya;positive;9,99E+15
sangat membantu warga surabaya matur nuwon pkwali beserta jajarannya;positive;9,94E+14
al  mantabek;positive;9,99E+13
mantab;positive;9,99E+15
aplikasi ini sekarang sangat tidak respon terhadap keluhan warga surabayajadi saya minta untuk instansi terkait untuk membantu memberikan pelayanan terbaik untuk warga surabayakarena selama dipimpin ibu risma sangat cepat merespon keluhan warganyajadi saya harap kedepannya lebih baik lagi dalam melayani keluhan masyarakatbukan untuk tempat balas chating aja tanpa ada tindakankalau perlu dikasih link apabila petugas terkait tidak meresponterimakasih;positive;9,48E+15
lumayan membantu;positive;9,97E+15
aplikasi inovatif;positive;9,99E+15
dng cepat pemkot sby membantu kesulitan warga;positive;9,80E+15
sangat membantu sekali khususnya warga surabaya;positive;9,99E+14
sangat innovative;positive;9,98E+15
bagus walau masih perlu pembenahan terus maju surabayaku;positive;9,98E+15
cak eri iki yak opo pengaduanku saranku appwargaku suroboyo kq gak onok tanggapanopo balasaneblass kulo niki warga asli suroboyoloo tolongdi bantunggii cak erisuwun;negative;6,60E+15
bagaimanapun niat pemerintah daerah membangun interaksi masyarakat dalam menjalankan roda pemerintahan harus didukung penuh semoga kedepan pelayanan tidak harus ke kelurahan atau ke dinas tapi lebih maju lagi menjadi tidak perlu keluar rumah karena kota surabaya harus menjadi leader bagi pelayanan masyarakat masyarakat fokus bekerja beribadah berkesenian menikmati kota surabaya tidak perlu diribetkan dengan urusan pemerintah bravo pemkot surabaya;positive;9,98E+15
recomended;positive;9,98E+15
aplikasi yg mantab dan sangat bermanfaat buat warga surabaya;positive;9,99E+15
semoga bisa membantu amien;positive;9,06E+15
terima kasihaplikasi sangat membantu sekali;positive;9,98E+15
bagus untuk masyarakat;positive;9,98E+15
terima kasih telah mempermudah antara interaksi warga dengan pemerintahan;positive;9,94E+15
semoga berjalan sesuai dg apa yg dikehendaki;positive;7,36E+15
bagus banget;positive;9,99E+14
praktis dan gpl;positive;9,48E+15
mantap;positive;9,99E+15
sip bagus;positive;9,91E+15
bisa membantu warga kota surabaya mantap;positive;9,99E+15
mantap surabaya salam pak walikota josuntuk di evaluasi tindak tegas bagi pemimpin terkaityg tidak serius menanggapi permasalahan di lapangan;positive;9,65E+15
mantap respon cepat;positive;9,99E+15
kasih bintang satu dulu kalau dengan aplikasi ini saran kritik dan keluhan warga surabaya bisa fast respon bintangnya ditambah lagi;positive;9,73E+15
respon cepat;positive;9,96E+15
topppppp;positive;6,78E+15
baik;positive;9,98E+15
bagus;positive;9,98E+15
sangat membantu;positive;9,96E+15
bagus n sangat membantu;positive;9,88E+15
memang oke;positive;9,36E+14
cocok untuk warga surabaya;positive;9,99E+15
saya puas thx rekan semua dua jempol;positive;9,97E+15
aplikasi  plus respon cepat pemerintah surabaya;positive;9,98E+15
sangatlah menarik dan solusinya kreatif buat pelayanan warga masyarakat surabaya jatim yang dinamis;positive;9,97E+15
integrasi ke ehealt mohon untuk dibuatkan formnya dari aplikasi sejauh ini aplikasi wargaku sudah bagus semoga bisa jadi lebih baik dan membantu warga kota surabaya;positive;9,97E+15
terima kasih kepada pemkot surabaya yang selalu berbenah dan menjadi lebih baik semangat terus kami bangga menjadi warga surabaya;positive;9,98E+15
sya pernah komplain pihak pdam daerah sya mati smpe hri stlaah sy komplain di aplikasi warga ku  lsng teratasi smpe sekarang air pdam daerah sya lancar jaya terimakasih pemkot dan pdam kinerjanya semakin oke;positive;9,97E+15
tambahi lagi aduan pungutan liar rtrwaparat marak oknum rtrwaparat macam gt baru saya kasih bintang  semangat membangun surabaya aman dan nyaman;positive;9,94E+15
respon cepat bangga jadi warga surabaya kota elit maju insyaallah sejahtera aamiin;positive;9,99E+15
oke;positive;7,23E+15
inovatif aspiratifresponsif;positive;9,95E+15
bagus buat kita  warga surabaya;positive;9,99E+15
terimakasih banyak berkat aplikasi ini kami warga surabaya sangat terbantu banget kemarin saya debat sama oknum kelurahan terkait surat tertentu setelah saya download dan mengadukan masalah ini alhamdulillah terselesaikan dengan cepat terimakasih banyak;positive;9,92E+15
aplikasi wargaku sangat membantu kami sebagai warga surabaya  karena dengan menggunakan sistem ini keluhan di kampung saya dapat teratasi dengan mendapat respon yang cepat dan baik sekali kami ucapkan terima kasih kepada semua pihak yang telah membantu terselesaikannya keluhan di kampung kami maju terus dan sukses selalu untuk pemkot surabaya;positive;9,97E+15
bermanfaat buat warga surabaya utk mengeluh dan memberi saran;positive;6,12E+15
bagus semoga benarbenar bermanfaat bagi warga surabaya tetap semangat membangun surabaya matur sembah nuwun;positive;9,97E+15
bagus;positive;9,98E+15
sangat membantu warga dalam memberikan saran kritikan dan keluhan  hanya saran untuk apk tsb agar untuk bukti photo yg diupload jangan cuma  max  photo jadi lebih rincithanks;positive;9,06E+15
sangat membantu sekali;positive;9,98E+15
mantap;positive;9,99E+15
bagus;positive;9,98E+15
sangat bagus apk ini dan sangat membantu tapi sayang kurang  instansi yg gak tercantum diskominfo bravo pak wali eri cahyadi semoga surabaya selalu berkembang pesat kotanya;positive;9,98E+15
sangat membantu sekali saat di butuhkan;positive;9,95E+15
sangat sangat membantu;positive;9,97E+15
bagus applikasi ini mempercepat proses komunikasi birokrasi;positive;9,93E+15
lumayan cepat respon dr opd;positive;9,96E+15
semogah bermanfaat berkah dan amanah;positive;9,97E+15
aplikasinya sangat bagus dan mudah diakses oleh warga surabaya;positive;9,99E+15
sangat membantu dlm menyampaikan keluhan;positive;9,97E+15
saran saya supaya pelapor bisa di rahasiakan indetitasnya dari instansi atau dinas terkait dan hanya admin pemkot yg mengetahui pengalaman saya kemarin setelah laporan telah di tindaklanjuti saya di tlp oleh pihak dinas terkait app tetap dibutuhkan dan selalu diperbaikisemangat pemkot dan selalu semangat cak eri;positive;9,67E+15
bagus;positive;9,98E+15
semoga aplikasi ini dapat menjadi jembatan komunikasi antara bpk walikota dengan warganya;positive;7,03E+15
alhamdulillah kepemimpinan pak eri cahyadi benar utk kepentingan warga surabaya semoga beliau semakin amanah dgn keinginan warga surabaya sukses;positive;9,98E+15
semoga berkah;positive;9,98E+15
sangat membantu sekali dlm penyelesaian mslh warga cepat di tanggapi dan langsung dikerjakan sukses selalu bpk walikota pak eri;positive;9,99E+15
apliaksi yg respon cepat dan bagus;positive;9,98E+15
solutif dan inovatif  salut dengan perkembangan pelayanan warga kota surabaya yang semakin memudahkan warganya;positive;9,98E+15
sangat bagus dan bermanfaattetapi sayang sekalisaya lupa password dan sudah telpon ke kontak center gk terangkat terusmohon jawaban dan solusikrn saya sangat membutuhkan aplikasi ini lagithnks kotaku surabaya;positive;9,03E+15
mantul mantap betul;positive;9,99E+15
mantap jadi lebih cepat permasalahan yang ada dikota surabaya;positive;9,97E+15
dengan adanya aplikasi ini unek maupun saran bisa tersalurkan bahkan perbaikan fasum di sby penangananya sangat cepat semoga surabaya tambah makin josss ilove srby;positive;9,98E+15
semoga bs jd aplikasi yg bermanfaat bg warga surabaya;positive;9,92E+15
baik;positive;9,98E+15
mantab tenan;positive;9,95E+15
mantap;positive;9,99E+15
senang sekali;positive;9,97E+15
bagus untuk kemajuan kota surabaya;positive;9,98E+15
luarbiasa bagus;positive;9,96E+15
tolong bapak ku erji  semoga pengaduan ini jadi amanah bapak ku erji  salam rudi kuswantoro;positive;5,18E+15
penting sangat diperlukan warga masyarakat juga membantu pemerintah untuk samasama update keadaan kendala dan kemajuan kota surabaya program hebat walikota erji semoga konsisten trimakasih pak eriarmuji;positive;9,98E+15
smoga kedepannya surabaya benar menjadi smart city dan bsa menanggapi keluhan masyarakat dengan cepat dan tepat;positive;9,49E+15
semoga aplikasi ini bisa merubah segalanya;positive;9,10E+15
aplikasi yg bagus utk menghubungkan antara pemkot surabaya dgn warga;positive;9,97E+15
aplikasi yang bagus dan bermanfaat bagi warga surabaya ancene cak erji pancen top  sehat terus nggeh cak demi warga kota surabaya;positive;9,97E+15
percayakarena nggak ada ceritanya pak eri akan menelantarkan warganyasukses pak;positive;9,91E+15
sukses buat pak erik enak ya jadi kita bisa kalau kesulitan;positive;9,99E+15
smoga aplikasi ini bermanfaat bagi warga surabaya  salut buat pak eri yg sllu memperhatikan warga surabaya;positive;9,97E+15
belum nyoba aduan masyarakat overall setuju sekali dengan aplikasi ini;positive;9,17E+15
bintang telu dhisik yo min ndelok perkembangane lek apik tak yambahi bintange;positive;9,75E+15
sangat membatu untuk melaporkan keluhan warga;positive;6,33E+15
aplikasi yg bermanfaat untuk warga surabaya;positive;9,93E+15
belanja semakin aman mudah tanpa antrian;positive;9,99E+15
mantap aplikasi mempermudah berbelanja;positive;9,99E+15
mantap;positive;9,97E+15
pemkot sby semakin bagus dalam memberikan kemudahan utk membeli produk umkm semoga aplikasi ini bermanfaat bagi pembeli yg malas kluar sperti saya;positive;9,83E+15
belanja kebutuhan seharihari jadi semakin mudah;positive;9,98E+15
sangat bermanfaat sekali;positive;9,95E+15
bagus dan mudah digunakan surabaya hebat;positive;9,99E+15
bagus semoga semakin berkembang lagi dan ada banyak pilihan metode pembayaran serta pengiriman;positive;9,93E+15
aplikasinya bagus banyak produknya umkm pilihannya banyak jdi tau klo produknya umkm ternyata bisa kita beli disini;positive;9,99E+15
bangga sebagai warga surabaya semoga bisa berkembang dan bersaing dengan kompetitor;positive;9,92E+15
aplikasinya cukup membantu bagi umkm semoga ekonomi surabaya makin meningkat;positive;9,97E+15
sangat membantu umkm di surabaya;positive;9,99E+15
bagus mempermudah kita membeli barang umkm di surabaya;positive;9,96E+15
aplikasinya bagus sangat membantu umkm dalam menjual produknya;positive;9,99E+15
alhamdulillah dengan adanya aplikasi peken dari pemerintah kota surabaya ini kebutuhan pangan saya jadi lebih terarah terima kasih pemkot;positive;9,98E+15
fitur nya cukup dipahami;positive;9,97E+14
sangat membantu;positive;9,96E+15
sempet bangga ad aplikasi ny d sby trnyta lemot skli penggunaanx utk login aj ampun dech;positive;9,75E+15
semakin gampang untuk belanja;positive;9,89E+14
jooosssemakin update linknya;positive;8,55E+15
memudahkan penjualan umkm surabaya mantab;positive;9,99E+15
aplikasi inovasi yang mendukung peningkatan perekonomian di surabaya memudahkan pembeli dalam menemukan produk umkm tokel dan kebutuhan pribadi lainnya dgn harga yg terjangkau maju terusss surabaya dalam mengembangkan inovasi terbaru yg membawa dampak positiff bagi masyarakat;positive;9,98E+15
semakin mudah berbelanja tanpa ribet terimakasih peken;positive;9,97E+14
makin maju kedepan;positive;7,72E+15
aplikasi cepat dan sangat membantu;positive;9,98E+15
aplikasi paling terbaik sedunia;positive;9,99E+15
mantapppppp;positive;9,97E+15
sangat membantu pertumbuhan ekonomi umkm di surabaya mantap;positive;9,98E+15
sy sangat bangga dengan adanya epeken iniguna untuk memulihkan ekonomi warga kota surabaya;positive;9,96E+15
memberi kemudahan dalam belanja market place yang user friendly keluaran pemkot surabaya memang wani reekkk semoga kedepannya semakin berkemban dan ojo lali rekkbelonjo nng peken suroboyo yo rekkk;positive;9,99E+15
sudah bagus semoga ada fitur pengiriman dengan berbagai ekspedisi kemudian bisa bayar melalui alfa atau indomaret tidak hanya dengan bank jatim saja;positive;8,14E+15
inovasi bagus dari pemerintah kota surabaya untuk meningkatkan ekonomi rakyat dalam hal ini umkm semoga aplikasi peken ini terus berkembang ke arah yang lebih baik saran saja mungkin bisa di integrasikan dengan jasa pengiriman untuk lebih fleksibel dan variatif dalam bertransaksi juga di tambahkan promopromo menarik seperti gratis ongkir potongan harga cashback poin mantap pemkot surabaya;positive;9,97E+15
sangat membantu umkm;positive;9,99E+15
mantaab memudahkan sekali mau belanjaaa di tokel;positive;9,98E+15
aplikasi membantu pembelanjaan produk umkm lebih mudah;positive;9,30E+15
sangat efisien;positive;9,99E+15
aplikasi peken surabaya bagus barang murah murah;positive;9,99E+15
inovasi dari pemkot surabaya sangat membantu saya sebagai penjual;positive;9,97E+15
peken kota sby sangat membantu  terima kasih;positive;9,98E+15
aplikasi mudah digunakan no ribet untuk qris langsung masuk rekening dan prosesnya cepat;positive;9,64E+15
aplikasi epeken joss;positive;9,94E+15
aplikasin peken surabaya mantap sangat membantu meningkatkan penjualan lewat online;positive;9,99E+15
aplikasi peken emang mantap;positive;9,99E+15
saya berterima kasih dengan adanya aplikasi peken ini dimana membantu tokel saya meningkatkan pendapatan semoga aplikasi peken semakin berkembang dan membantu umkm yang ada di surabaya untuk bertumbuh;positive;9,96E+15
sangat membantu umkm lokal;positive;9,99E+15
jualan disini sepertinya untungnya bisa lebih banyak drpd di ecommerce lain dan insyaallah akan selalu laku alhamdulillah;positive;9,98E+15
dengan adanya epeken ini bs memajukan umkm di sby dan klo bisa ditambah dengan pengiriman melalui instans lainnya;positive;9,46E+15
peken mantab;positive;9,98E+15
aplikasi peken mantap;positive;9,99E+15
mohon makin ditingkatkan  dikembangkan aplikasi inikarena umkm sekarang harus maju  ditingkatkan dng dukungan aplikasi ini pemerintahumkm produk dalam negeri harus maju;positive;9,81E+15
terimakasih banyak aplikasi epeken dengan aplikasi ini mempermudah umkm untuk mengembangkan usahanyasukses slalu peken surabaya;positive;9,97E+15
sangat membantu perekonomian toko kelontong mantabbb semoga berkah untuk semua aminn;positive;9,98E+14
peken surabaya mantap;positive;9,99E+15
belanja aman dari rumah antiribet tanpaantri;positive;5,42E+15
aplikasi yg sering digunakan untuk berjualan mantap;positive;5,77E+15
aplikasi peken mantab;positive;9,99E+15
sangat membantu;positive;9,96E+15
aplikasi yg mengerti kebutuhan warga surabaya raya;positive;9,96E+15
semoga membantu umkm surabaya lebih maju dan berkembang;positive;9,94E+15
terimakasih pemkot sudah memberikan pengalaman baru untuk berjualan di ecommerce lokal surabaya semoga selalu inovatif dalam melayani warga dan tentunya memberikan yang terbaik untuk warga kota surabaya;positive;9,95E+15
dengan adanya peken ini sangat membantu dan mempermudah berbelanja;positive;9,98E+15
alhamdulillah sangat membantu sekali dalam menjual produk umkm mantap;positive;9,99E+15
aplikasi e mudah;positive;9,78E+15
aplikasinya cukup membatu bagi umkm semoga ekonomi surabaya semakin meningkat;positive;9,96E+15
mantap sekarang sudah ada apps mobilenya jadi lebih mudah;positive;9,96E+15
inovativ banget apk ini untuk meningkatakan penjualan pelaku ukm;positive;9,89E+15
alhamdulillah bisa jualan produk saya dari aplikasi yang disediakan oleh pemkot surabaya ini alhamdulillah pemasukan saya sangat lancar terima kasih pemkot;positive;9,98E+15
sangat membantu sekali;positive;9,98E+15
fitur nya memudahkan;positive;9,99E+14
alhamdulillah semoga tambah berkah amiin;positive;9,99E+15
mantab memudahkan penjualan umkm surabaya;positive;9,94E+15
alhamdulillah;positive;9,99E+15
sangat membantu meningkatkan penjualan alhamdulillah terimakasih juga buat para jajaran pemkot surabaya mohon lebih dimaintenance juga webnya karena ini mau ada yg pesan lewat e peken tidak bisa tidak bisa masuk pesanannyaminta tolong untuk lebih sering diupdate terimakasih;positive;9,70E+15
saya bangga jd warga surabaya salah satunya yg menjadi kebanggaan ku surabaya punya aplikasi epeken yg membantu para pelaku usaha toko kelontong dan umkm yg ada d surabaya utk meningkatkan kesejahteraan masyarakat surabaya;positive;9,98E+15
aplikasi sangat membantu masyarakat surabaya untuk mengembangkan usahanya;positive;9,98E+15
dongkrak perkapita umkm mantap;positive;9,99E+15
aplikasi yg bagus buat umkm dan toko kelontong semoga makin ditingkatkan untuk mendukung perekonomian surabaya;positive;9,97E+15
ekonomi kerakyatan;positive;9,99E+15
sippp;positive;7,73E+15
mantaaap sangat bermanfaat untuk sarana penjualan bagi umkm  tokel warga surabaya;positive;9,92E+15
saya baru bergabung di bln februari   sdh bikin akun dan verifikasi berhasil tapi login pake aplikasi tidak bisa  bagaimana ini selanjutnya  berharap bisa melayani rekan pns dgn baik dan amanah bisa mmbantu pelaku usaha kecil spt kami terimakasih;positive;8,40E+15
cukup bagus;positive;9,99E+14
aplikasi yg mantap sangat membantu pekerjaan saya;positive;9,99E+15
niatnya baik pemberdayaan ekonomi warga tp nggak bisa login fatal wkwkwk;positive;8,65E+15
mantap;positive;9,97E+15
sangat membantu;positive;9,96E+15
saya selaku warga surabaya sangat bangga dengan adanya aplikasi ini namun mohon dipermudah untuk loginnya di aplikasi ini;positive;6,76E+15
aplikasi rintisan pemkot yang memudahkan penjual toko kelontong dan umkm di surabaya memasarkan produknya dan bisa bertransaksi pula semoga kedepan menjadi semakin baik;positive;7,24E+15
mohon segera dibenahi dan diupgrade saya sangat mendukung ecommerce milik kota surabaya ini;positive;9,93E+15
semangat;positive;9,99E+15
mantap;positive;9,99E+15
mantab;positive;9,99E+15
mantap dan sangat membantu;positive;9,99E+15
sangat nyaman sekali;positive;9,99E+15
oke;positive;7,23E+15
kerja bagus tingkatkan lebih bagus dan canggih lagi;positive;9,95E+15
mudah dipahami;positive;9,84E+15
cukup memudahkan semua terintegrasi;positive;9,99E+14
sangat membantu;positive;9,96E+15
aplikasi ini benarbenar membantu meningkatkan produktivitas saya seharihari antarmukanya intuitif mudah digunakan dan fiturnya sangat lengkap saya juga sangat mengapresiasi respons pengembang yang cepat dalam memperbarui aplikasi dan menangani bug dengan performa yang stabil dan desain yang modern aplikasi ini layak mendapat lima bintang sangat direkomendasikan untuk siapa saja yang mencari solusi praktis dan efisien terima kasih telah membuat aplikasi yang luar biasa;positive;9,99E+15
mantaaaffff;positive;9,93E+14
bagus sekali;positive;9,98E+15
baik;positive;9,98E+15
bagus;positive;9,98E+15
aplikasi sangat bagus;positive;9,99E+15
sangat membantu pegawai top markotop;positive;9,99E+15
bagus;positive;9,98E+15
bagus;positive;9,98E+15
oke mantap;positive;9,99E+15
setelah sesuai prosedur akhirnya bisa juga meski lama  latian sabar yg nikmat;positive;9,91E+15
mantap;positive;9,99E+15
oke;positive;7,23E+15
pembaruan;positive;8,08E+14
sangat puas;positive;9,98E+15
sinyal kadang error tapi untuk absen memang bagus kantorku;positive;7,58E+15
sangat membantu karyawan;positive;9,98E+15
apik;positive;9,79E+15
bagus;positive;9,98E+15
josss;positive;9,97E+15
sangat mambantu;positive;9,90E+15
smoga lancar;positive;9,97E+15
mantab;positive;9,99E+15
mantap;positive;9,99E+15
sangat memudahkan saat absensi;positive;9,98E+15
aplikasi yg sangat membantu utk abesen;positive;9,98E+15
good;positive;9,99E+15
aplikasi sangant berguna mantabs mempermudah untuk melakukan absensi;positive;9,99E+15
aplikasi sangat membantu;positive;9,98E+15
sangat membantu absensi pegawai;positive;9,95E+15
memberikan keringanan dalam hal semua pekerjaan pekerjaan rumah maupun kantor semua seimbang dan sangat mempermuah dlm pembagian waktu;positive;9,98E+15
good;positive;9,99E+15
sangat memudahkan dan membantu sekali terima kasih pak eri walikota sby terbaiikk;positive;9,98E+15
bagus;positive;9,98E+15
sangat berguna  bermanfaat;positive;9,98E+15
good;positive;9,99E+15
mantap pokoknya;positive;9,99E+15
sangat membantu;positive;9,96E+15
sangat membantu jadi kerja yidak terlambat lagi;positive;9,98E+15
sangat bermanfaat dan efisien;positive;9,99E+15
josss gandoss;positive;9,99E+15
teknologi semakin canggih dan ramah lingkungan;positive;9,94E+15
sangat efektif saat bertugas di luar kantor;positive;9,92E+15
mantap semakin maju;positive;9,99E+15
sangat membantu;positive;9,96E+15
apk bagus sippppp;positive;9,99E+15
aplikasi sangat membantu;positive;9,98E+15
wer;positive;5,95E+15
sangat memuaskan;positive;9,98E+15
sangat bermanfaat karena banyak informasi yg sangat bermanfaat utk kehidupan seharitetima kasih;positive;9,96E+15
puas;positive;9,99E+15
mantap;positive;9,99E+15
good;positive;9,99E+15
sapu jagat sngat baik sekali;positive;9,98E+15
mantap wis semoga fitur nya ditambah terutama vidio giotek krn sngt dibutuhkan dilapangan   hem kepolo sering minta document vidio bukan foto;positive;9,26E+15
mantap;positive;9,99E+15
sangat bagus dan bermanfaat untuk mempermudah sistem laporan kerja;positive;9,97E+15
bagus;positive;9,98E+15
